{"stats":{"minecraft:mined":{"minecraft:tall_grass":3,"minecraft:grass":7,"minecraft:grass_block":4,"minecraft:dirt":1},"minecraft:picked_up":{"minecraft:dirt":5},"minecraft:custom":{"minecraft:jump":35,"minecraft:time_since_rest":1656,"minecraft:crouch_one_cm":659,"minecraft:leave_game":2,"minecraft:play_time":1656,"minecraft:sprint_one_cm":2758,"minecraft:damage_taken":100,"minecraft:time_since_death":1656,"minecraft:walk_one_cm":890,"minecraft:sneak_time":211,"minecraft:total_world_time":1656,"minecraft:fall_one_cm":685,"minecraft:fly_one_cm":5773},"minecraft:used":{"minecraft:dirt":5}},"DataVersion":2975}