{"stats":{"minecraft:killed":{"minecraft:spider":2,"minecraft:zombie":1,"minecraft:stray":1},"minecraft:used":{"minecraft:calcite":3,"minecraft:azalea":2,"minecraft:stone_sword":7,"minecraft:stone_pickaxe":466,"minecraft:chest":6,"minecraft:rotten_flesh":2,"minecraft:dirt":11,"minecraft:mushroom_stew":5,"minecraft:snowball":7,"minecraft:wooden_axe":28,"minecraft:iron_pickaxe":11,"minecraft:map":1,"minecraft:stone_axe":29,"minecraft:wooden_sword":3,"minecraft:cobblestone":3,"minecraft:birch_log":7},"minecraft:custom":{"minecraft:interact_with_furnace":1,"minecraft:mob_kills":5,"minecraft:interact_with_crafting_table":10,"minecraft:leave_game":1,"minecraft:time_since_death":13772,"minecraft:time_since_rest":13805,"minecraft:sprint_one_cm":34247,"minecraft:damage_taken":661,"minecraft:walk_one_cm":93533,"minecraft:drop":5,"minecraft:damage_dealt":1346,"minecraft:fly_one_cm":19593,"minecraft:player_kills":1,"minecraft:open_chest":63,"minecraft:crouch_one_cm":4916,"minecraft:play_time":56169,"minecraft:deaths":1,"minecraft:sneak_time":5092,"minecraft:jump":156,"minecraft:total_world_time":56169,"minecraft:fall_one_cm":3539},"minecraft:picked_up":{"minecraft:birch_log":16,"minecraft:clay_ball":16,"minecraft:andesite":18,"minecraft:oak_log":15,"minecraft:amethyst_block":19,"minecraft:dirt":48,"minecraft:string":4,"minecraft:raw_copper":116,"minecraft:wooden_sword":4,"minecraft:stone_pickaxe":5,"minecraft:calcite":20,"minecraft:rabbit":3,"minecraft:chest":8,"minecraft:melon_slice":7,"minecraft:raw_iron":15,"minecraft:smooth_basalt":8,"minecraft:raw_gold_block":3,"minecraft:pumpkin":1,"minecraft:torch":11,"minecraft:dripstone_block":4,"minecraft:gravel":2,"minecraft:diorite":29,"minecraft:spruce_log":8,"minecraft:blue_terracotta":1,"minecraft:rotten_flesh":2,"minecraft:granite":14,"minecraft:terracotta":3,"minecraft:mutton":2,"minecraft:coal":23,"minecraft:cobblestone":89},"minecraft:broken":{"minecraft:stone_pickaxe":3},"minecraft:mined":{"minecraft:podzol":7,"minecraft:gray_terracotta":3,"minecraft:powder_snow":6,"minecraft:clay":6,"minecraft:granite":28,"minecraft:grass_block":32,"minecraft:calcite":19,"minecraft:melon":3,"minecraft:chest":8,"minecraft:copper_ore":35,"minecraft:diorite":37,"minecraft:white_concrete_powder":1,"minecraft:amethyst_block":25,"minecraft:white_terracotta":5,"minecraft:blue_terracotta":1,"minecraft:raw_gold_block":1,"minecraft:birch_log":16,"minecraft:iron_ore":21,"minecraft:blue_ice":3,"minecraft:spruce_log":2,"minecraft:andesite":27,"minecraft:pumpkin":1,"minecraft:coal_ore":21,"minecraft:oak_log":24,"minecraft:gravel":4,"minecraft:dripstone_block":4,"minecraft:dirt":33,"minecraft:packed_ice":9,"minecraft:smooth_basalt":14,"minecraft:terracotta":6,"minecraft:stone":96,"minecraft:gold_ore":1},"minecraft:dropped":{"minecraft:cobblestone":7,"minecraft:wooden_axe":1,"minecraft:bone_meal":3},"minecraft:crafted":{"minecraft:oak_planks":52,"minecraft:bowl":4,"minecraft:birch_planks":8,"minecraft:stone_axe":1,"minecraft:air":0,"minecraft:stick":20,"minecraft:iron_ingot":3,"minecraft:iron_pickaxe":1,"minecraft:stone_pickaxe":3,"minecraft:wooden_axe":1,"minecraft:stone_sword":1}},"DataVersion":2975}