{"stats":{"minecraft:killed_by":{"minecraft:drowned":2,"minecraft:elder_guardian":2},"minecraft:picked_up":{"minecraft:seagrass":2,"minecraft:bubble_coral_fan":2,"minecraft:chainmail_boots":3,"minecraft:chicken":2,"minecraft:prismarine_shard":3,"minecraft:clay_ball":72,"minecraft:leather_leggings":1,"minecraft:turtle_egg":1,"minecraft:piglin_spawn_egg":1,"minecraft:dead_horn_coral_block":13,"minecraft:golden_sword":1,"minecraft:fire_coral":1,"minecraft:amethyst_block":64,"minecraft:iron_axe":2,"minecraft:string":12,"minecraft:dead_tube_coral_block":7,"minecraft:raw_copper":448,"minecraft:wooden_sword":4,"minecraft:iron_shovel":2,"minecraft:deepslate_tiles":36,"minecraft:candle":9,"minecraft:cobbled_deepslate":112,"minecraft:bucket":2,"minecraft:spruce_planks":8,"minecraft:white_tulip":9,"minecraft:calcite":59,"minecraft:iron_pickaxe":5,"minecraft:spruce_slab":24,"minecraft:birch_sapling":2,"minecraft:melon_slice":7,"minecraft:chest":34,"minecraft:lime_wool":2,"minecraft:stick":74,"minecraft:raw_iron":73,"minecraft:raw_gold_block":3,"minecraft:oak_fence":11,"minecraft:bowl":2,"minecraft:acacia_log":5,"minecraft:torch":76,"minecraft:amethyst_cluster":6,"minecraft:diorite":54,"minecraft:carrot":2,"minecraft:redstone":2,"minecraft:prismarine_crystals":75,"minecraft:green_terracotta":11,"minecraft:stone_sword":22,"minecraft:arrow":3,"minecraft:rotten_flesh":22,"minecraft:tropical_fish":8,"minecraft:shears":1,"minecraft:deepslate_bricks":49,"minecraft:cyan_terracotta":12,"minecraft:mutton":2,"minecraft:cod":6,"minecraft:sponge":12,"minecraft:rail":3,"minecraft:cobblestone":155,"minecraft:birch_log":32,"minecraft:cave_spider_spawn_egg":1,"minecraft:feather":3,"minecraft:glow_ink_sac":3,"minecraft:andesite":46,"minecraft:yellow_dye":2,"minecraft:mushroom_stew":3,"minecraft:flint":1,"minecraft:lily_pad":2,"minecraft:tuff":35,"minecraft:oak_log":53,"minecraft:prismarine_bricks":42,"minecraft:horn_coral":1,"minecraft:cobbled_deepslate_stairs":25,"minecraft:gunpowder":4,"minecraft:lapis_lazuli":256,"minecraft:paper":6,"minecraft:dirt":95,"minecraft:bone":6,"minecraft:raw_gold":40,"minecraft:cobbled_deepslate_slab":49,"minecraft:light_blue_dye":2,"minecraft:iron_ingot":42,"minecraft:stone_pickaxe":23,"minecraft:rabbit":3,"minecraft:moss_block":192,"minecraft:prismarine":71,"minecraft:stone_hoe":1,"minecraft:iron_sword":3,"minecraft:book":3,"minecraft:glow_lichen":3,"minecraft:smooth_basalt":26,"minecraft:pumpkin":1,"minecraft:sweet_berries":1,"minecraft:budding_amethyst":2,"minecraft:raw_iron_block":2,"minecraft:brain_coral_fan":2,"minecraft:spyglass":1,"minecraft:dripstone_block":118,"minecraft:gravel":8,"minecraft:dead_fire_coral_block":7,"minecraft:sand":62,"minecraft:amethyst_shard":6,"minecraft:ink_sac":6,"minecraft:spruce_log":48,"minecraft:sea_lantern":19,"minecraft:spider_eye":4,"minecraft:dark_oak_log":22,"minecraft:dark_prismarine":33,"minecraft:iron_hoe":1,"minecraft:light_gray_terracotta":18,"minecraft:dried_kelp_block":19,"minecraft:blue_terracotta":13,"minecraft:diamond":16,"minecraft:stone_axe":1,"minecraft:dead_brain_coral_block":17,"minecraft:granite":48,"minecraft:bone_meal":3,"minecraft:rooted_dirt":36,"minecraft:terracotta":3,"minecraft:oak_sapling":1,"minecraft:melon_seeds":1,"minecraft:coal":87},"minecraft:crafted":{"minecraft:oak_planks":56,"minecraft:stone_pickaxe":3,"minecraft:spruce_planks":4,"minecraft:bowl":4,"minecraft:birch_planks":12,"minecraft:stone_axe":2,"minecraft:air":0,"minecraft:stick":40,"minecraft:iron_pickaxe":5,"minecraft:iron_ingot":42,"minecraft:wooden_axe":1,"minecraft:stone_sword":2,"minecraft:gold_ingot":29},"minecraft:mined":{"minecraft:dark_prismarine":11,"minecraft:deepslate_tiles":30,"minecraft:diamond_ore":7,"minecraft:tuff":38,"minecraft:deepslate_diamond_ore":6,"minecraft:dark_oak_log":12,"minecraft:sea_lantern":16,"minecraft:granite":45,"minecraft:budding_amethyst":16,"minecraft:acacia_log":5,"minecraft:grass_block":37,"minecraft:deepslate_bricks":50,"minecraft:bubble_coral_block":4,"minecraft:tube_coral_block":5,"minecraft:moss_block":123,"minecraft:rooted_dirt":26,"minecraft:white_concrete_powder":1,"minecraft:raw_iron_block":1,"minecraft:raw_gold_block":1,"minecraft:iron_ore":36,"minecraft:cobbled_deepslate":4,"minecraft:green_terracotta":11,"minecraft:andesite":48,"minecraft:pumpkin":1,"minecraft:deepslate_lapis_ore":23,"minecraft:dead_horn_coral_block":1,"minecraft:deepslate_iron_ore":32,"minecraft:packed_ice":10,"minecraft:stone":158,"minecraft:brain_coral_block":9,"minecraft:fire_coral_block":4,"minecraft:podzol":8,"minecraft:gray_terracotta":3,"minecraft:cyan_terracotta":5,"minecraft:powder_snow":6,"minecraft:clay":15,"minecraft:torch":1,"minecraft:light_gray_terracotta":13,"minecraft:sponge":8,"minecraft:calcite":51,"minecraft:melon":3,"minecraft:chest":29,"minecraft:copper_ore":66,"minecraft:deepslate_coal_ore":25,"minecraft:dried_kelp_block":5,"minecraft:lapis_ore":12,"minecraft:deepslate_gold_ore":17,"minecraft:prismarine":42,"minecraft:diorite":56,"minecraft:wall_torch":1,"minecraft:amethyst_block":62,"minecraft:deepslate_copper_ore":30,"minecraft:prismarine_bricks":22,"minecraft:white_terracotta":5,"minecraft:dead_fire_coral_block":1,"minecraft:blue_terracotta":11,"minecraft:birch_log":29,"minecraft:blue_ice":3,"minecraft:spruce_log":12,"minecraft:oak_log":48,"minecraft:coal_ore":38,"minecraft:sand":31,"minecraft:gravel":11,"minecraft:dripstone_block":95,"minecraft:dirt":36,"minecraft:smooth_basalt":27,"minecraft:terracotta":6,"minecraft:raw_copper_block":1,"minecraft:gold_ore":14,"minecraft:horn_coral_block":4,"minecraft:deepslate":105},"minecraft:dropped":{"minecraft:stone_hoe":1,"minecraft:moss_block":38,"minecraft:oak_log":8,"minecraft:cobblestone":9,"minecraft:rooted_dirt":1,"minecraft:amethyst_block":3,"minecraft:dried_kelp_block":7,"minecraft:dark_oak_log":4,"minecraft:wooden_axe":1,"minecraft:bone_meal":3,"minecraft:white_tulip":4,"minecraft:stone_sword":15,"minecraft:cobbled_deepslate":12,"minecraft:bowl":1,"minecraft:raw_iron":12,"minecraft:deepslate_bricks":14,"minecraft:deepslate_tiles":9,"minecraft:stone_pickaxe":10,"minecraft:dark_prismarine":2,"minecraft:dead_tube_coral_block":1},"minecraft:killed":{"minecraft:spider":9,"minecraft:skeleton":7,"minecraft:guardian":1,"minecraft:fox":1,"minecraft:chicken":1,"minecraft:drowned":1,"minecraft:creeper":1,"minecraft:zombie":13,"minecraft:stray":1},"minecraft:broken":{"minecraft:stone_pickaxe":3,"minecraft:iron_pickaxe":4},"minecraft:custom":{"minecraft:mob_kills":38,"minecraft:interact_with_crafting_table":14,"minecraft:leave_game":3,"minecraft:time_since_death":2341,"minecraft:damage_resisted":110,"minecraft:sprint_one_cm":139012,"minecraft:walk_one_cm":201924,"minecraft:drop":56,"minecraft:play_time":129291,"minecraft:deaths":5,"minecraft:sneak_time":6502,"minecraft:walk_under_water_one_cm":2719,"minecraft:jump":481,"minecraft:walk_on_water_one_cm":21921,"minecraft:total_world_time":129291,"minecraft:interact_with_furnace":11,"minecraft:play_record":2,"minecraft:time_since_rest":2368,"minecraft:damage_taken":3544,"minecraft:damage_dealt":6909,"minecraft:fly_one_cm":49336,"minecraft:player_kills":1,"minecraft:open_chest":245,"minecraft:crouch_one_cm":7419,"minecraft:fall_one_cm":4793},"minecraft:used":{"minecraft:azalea":2,"minecraft:stone_sword":74,"minecraft:chest":12,"minecraft:iron_sword":44,"minecraft:rotten_flesh":2,"minecraft:torch":9,"minecraft:dirt":11,"minecraft:spyglass":156,"minecraft:snowball":7,"minecraft:wooden_axe":28,"minecraft:iron_axe":1,"minecraft:music_disc_ward":1,"minecraft:cobbled_deepslate":4,"minecraft:calcite":3,"minecraft:stone_pickaxe":482,"minecraft:mushroom_stew":35,"minecraft:light_gray_terracotta":4,"minecraft:dripstone_block":7,"minecraft:music_disc_mall":1,"minecraft:iron_pickaxe":1177,"minecraft:map":1,"minecraft:gravel":1,"minecraft:stone_axe":109,"minecraft:wooden_sword":3,"minecraft:cobblestone":4,"minecraft:chainmail_boots":1,"minecraft:birch_log":7}},"DataVersion":2975}