{"stats":{"minecraft:broken":{"minecraft:stone_pickaxe":3,"minecraft:iron_pickaxe":2},"minecraft:custom":{"minecraft:mob_kills":21,"minecraft:interact_with_crafting_table":13,"minecraft:leave_game":2,"minecraft:time_since_death":52639,"minecraft:sprint_one_cm":77735,"minecraft:walk_one_cm":149796,"minecraft:drop":16,"minecraft:play_time":95036,"minecraft:deaths":1,"minecraft:sneak_time":6164,"minecraft:walk_under_water_one_cm":16,"minecraft:jump":309,"minecraft:walk_on_water_one_cm":5544,"minecraft:total_world_time":95036,"minecraft:interact_with_furnace":4,"minecraft:play_record":1,"minecraft:time_since_rest":52672,"minecraft:damage_taken":1574,"minecraft:damage_dealt":4662,"minecraft:player_kills":1,"minecraft:fly_one_cm":32291,"minecraft:open_chest":130,"minecraft:crouch_one_cm":6354,"minecraft:fall_one_cm":4375},"minecraft:crafted":{"minecraft:oak_planks":56,"minecraft:stone_pickaxe":3,"minecraft:bowl":4,"minecraft:birch_planks":12,"minecraft:stone_axe":2,"minecraft:air":0,"minecraft:stick":32,"minecraft:iron_ingot":5,"minecraft:iron_pickaxe":3,"minecraft:wooden_axe":1,"minecraft:stone_sword":2,"minecraft:gold_ingot":29},"minecraft:mined":{"minecraft:deepslate_tiles":30,"minecraft:diamond_ore":4,"minecraft:tuff":24,"minecraft:deepslate_diamond_ore":4,"minecraft:dark_oak_log":11,"minecraft:granite":31,"minecraft:budding_amethyst":16,"minecraft:acacia_log":5,"minecraft:grass_block":34,"minecraft:deepslate_bricks":50,"minecraft:moss_block":53,"minecraft:rooted_dirt":18,"minecraft:white_concrete_powder":1,"minecraft:raw_iron_block":1,"minecraft:raw_gold_block":1,"minecraft:iron_ore":24,"minecraft:cobbled_deepslate":4,"minecraft:andesite":34,"minecraft:green_terracotta":8,"minecraft:pumpkin":1,"minecraft:deepslate_lapis_ore":16,"minecraft:deepslate_iron_ore":23,"minecraft:packed_ice":10,"minecraft:stone":133,"minecraft:podzol":8,"minecraft:gray_terracotta":3,"minecraft:powder_snow":6,"minecraft:clay":6,"minecraft:torch":1,"minecraft:light_gray_terracotta":4,"minecraft:calcite":45,"minecraft:melon":3,"minecraft:chest":18,"minecraft:copper_ore":57,"minecraft:deepslate_coal_ore":18,"minecraft:deepslate_gold_ore":11,"minecraft:lapis_ore":3,"minecraft:diorite":44,"minecraft:wall_torch":1,"minecraft:amethyst_block":43,"minecraft:deepslate_copper_ore":19,"minecraft:white_terracotta":5,"minecraft:blue_terracotta":1,"minecraft:birch_log":23,"minecraft:blue_ice":3,"minecraft:spruce_log":12,"minecraft:coal_ore":31,"minecraft:oak_log":36,"minecraft:dripstone_block":45,"minecraft:gravel":9,"minecraft:dirt":35,"minecraft:smooth_basalt":21,"minecraft:terracotta":6,"minecraft:raw_copper_block":1,"minecraft:gold_ore":3,"minecraft:deepslate":73},"minecraft:killed":{"minecraft:spider":2,"minecraft:skeleton":5,"minecraft:fox":1,"minecraft:creeper":1,"minecraft:zombie":10,"minecraft:stray":1},"minecraft:used":{"minecraft:azalea":2,"minecraft:stone_sword":65,"minecraft:chest":6,"minecraft:iron_sword":4,"minecraft:rotten_flesh":2,"minecraft:torch":5,"minecraft:dirt":11,"minecraft:spyglass":147,"minecraft:snowball":7,"minecraft:wooden_axe":28,"minecraft:music_disc_ward":1,"minecraft:cobbled_deepslate":4,"minecraft:calcite":3,"minecraft:stone_pickaxe":482,"minecraft:mushroom_stew":19,"minecraft:iron_pickaxe":600,"minecraft:map":1,"minecraft:gravel":1,"minecraft:stone_axe":82,"minecraft:wooden_sword":3,"minecraft:cobblestone":4,"minecraft:birch_log":7},"minecraft:dropped":{"minecraft:moss_block":28,"minecraft:oak_log":2,"minecraft:cobblestone":7,"minecraft:rooted_dirt":1,"minecraft:amethyst_block":1,"minecraft:wooden_axe":1,"minecraft:bone_meal":3,"minecraft:cobbled_deepslate":11,"minecraft:bowl":1,"minecraft:deepslate_bricks":14,"minecraft:deepslate_tiles":9,"minecraft:stone_pickaxe":1},"minecraft:picked_up":{"minecraft:clay_ball":16,"minecraft:amethyst_block":32,"minecraft:string":4,"minecraft:raw_copper":294,"minecraft:wooden_sword":4,"minecraft:deepslate_tiles":36,"minecraft:candle":4,"minecraft:cobbled_deepslate":63,"minecraft:spruce_planks":4,"minecraft:calcite":45,"minecraft:birch_sapling":2,"minecraft:melon_slice":7,"minecraft:chest":20,"minecraft:raw_iron":39,"minecraft:raw_gold_block":3,"minecraft:torch":17,"minecraft:acacia_log":5,"minecraft:amethyst_cluster":4,"minecraft:diorite":33,"minecraft:carrot":2,"minecraft:green_terracotta":6,"minecraft:arrow":1,"minecraft:rotten_flesh":14,"minecraft:tropical_fish":3,"minecraft:deepslate_bricks":49,"minecraft:mutton":2,"minecraft:cobblestone":118,"minecraft:birch_log":24,"minecraft:andesite":25,"minecraft:mushroom_stew":1,"minecraft:flint":1,"minecraft:tuff":14,"minecraft:oak_log":27,"minecraft:cobbled_deepslate_stairs":15,"minecraft:gunpowder":4,"minecraft:lapis_lazuli":88,"minecraft:dirt":69,"minecraft:bone":1,"minecraft:raw_gold":17,"minecraft:cobbled_deepslate_slab":46,"minecraft:stone_pickaxe":7,"minecraft:rabbit":3,"minecraft:moss_block":69,"minecraft:iron_sword":1,"minecraft:glow_lichen":3,"minecraft:smooth_basalt":17,"minecraft:pumpkin":1,"minecraft:sweet_berries":1,"minecraft:budding_amethyst":2,"minecraft:spyglass":1,"minecraft:dripstone_block":45,"minecraft:gravel":5,"minecraft:amethyst_shard":2,"minecraft:spruce_log":16,"minecraft:dark_oak_log":6,"minecraft:blue_terracotta":1,"minecraft:diamond":12,"minecraft:granite":19,"minecraft:bone_meal":3,"minecraft:terracotta":3,"minecraft:rooted_dirt":18,"minecraft:coal":52}},"DataVersion":2975}