{"stats":{"minecraft:mined":{"minecraft:grass_block":9,"minecraft:oak_log":5,"minecraft:chest":1},"minecraft:dropped":{"minecraft:wooden_shovel":1},"minecraft:picked_up":{"minecraft:oak_log":7,"minecraft:wooden_shovel":2,"minecraft:chest":1,"minecraft:dirt":8},"minecraft:custom":{"minecraft:jump":8,"minecraft:open_chest":4,"minecraft:time_since_rest":4053,"minecraft:leave_game":1,"minecraft:crouch_one_cm":231,"minecraft:damage_dealt":30,"minecraft:sprint_one_cm":825,"minecraft:play_time":4053,"minecraft:damage_taken":20,"minecraft:time_since_death":4053,"minecraft:walk_one_cm":7474,"minecraft:sneak_time":170,"minecraft:total_world_time":4053,"minecraft:drop":1,"minecraft:fly_one_cm":673}},"DataVersion":2975}