{"stats":{"minecraft:killed_by":{"minecraft:player":1,"minecraft:spider":1,"minecraft:drowned":2,"minecraft:guardian":1,"minecraft:goat":1,"minecraft:elder_guardian":2},"minecraft:picked_up":{"minecraft:seagrass":4,"minecraft:chainmail_boots":2,"minecraft:chicken":6,"minecraft:clay_ball":88,"minecraft:prismarine_shard":5,"minecraft:amethyst_block":35,"minecraft:dead_tube_coral_block":5,"minecraft:string":7,"minecraft:raw_copper":222,"minecraft:wooden_sword":16,"minecraft:iron_shovel":1,"minecraft:deepslate_tiles":18,"minecraft:candle":7,"minecraft:cobbled_deepslate":68,"minecraft:bucket":2,"minecraft:spruce_planks":3,"minecraft:white_tulip":12,"minecraft:calcite":36,"minecraft:azalea":1,"minecraft:wooden_shovel":4,"minecraft:iron_pickaxe":6,"minecraft:melon_slice":18,"minecraft:chest":24,"minecraft:birch_sapling":2,"minecraft:egg":3,"minecraft:golden_helmet":1,"minecraft:tipped_arrow":2,"minecraft:dark_oak_sapling":2,"minecraft:stick":11,"minecraft:raw_iron":66,"minecraft:oak_fence":1,"minecraft:torch":74,"minecraft:bowl":3,"minecraft:amethyst_cluster":3,"minecraft:diorite":58,"minecraft:prismarine_crystals":25,"minecraft:green_terracotta":5,"minecraft:stone_sword":7,"minecraft:rotten_flesh":14,"minecraft:arrow":12,"minecraft:stone_shovel":1,"minecraft:tropical_fish":13,"minecraft:deepslate_bricks":26,"minecraft:cyan_terracotta":4,"minecraft:music_disc_wait":1,"minecraft:cod":2,"minecraft:cobblestone":124,"minecraft:birch_log":23,"minecraft:feather":14,"minecraft:glow_ink_sac":4,"minecraft:andesite":22,"minecraft:mushroom_stew":1,"minecraft:tuff":13,"minecraft:oak_log":50,"minecraft:prismarine_bricks":14,"minecraft:cobbled_deepslate_stairs":17,"minecraft:gunpowder":2,"minecraft:deepslate_tile_slab":18,"minecraft:lapis_lazuli":161,"minecraft:dirt":133,"minecraft:stripped_birch_log":1,"minecraft:bone":14,"minecraft:gray_terracotta":8,"minecraft:wheat_seeds":10,"minecraft:raw_gold":16,"minecraft:cobbled_deepslate_slab":69,"minecraft:iron_ingot":73,"minecraft:stone_pickaxe":37,"minecraft:rabbit":1,"minecraft:prismarine":19,"minecraft:moss_block":41,"minecraft:smooth_basalt":3,"minecraft:pumpkin":3,"minecraft:sweet_berries":23,"minecraft:brain_coral_fan":2,"minecraft:raw_iron_block":1,"minecraft:dripstone_block":21,"minecraft:sand":21,"minecraft:amethyst_shard":11,"minecraft:spruce_sapling":9,"minecraft:spruce_log":84,"minecraft:sea_lantern":14,"minecraft:dark_oak_log":5,"minecraft:dark_prismarine":36,"minecraft:light_gray_terracotta":1,"minecraft:pumpkin_seeds":1,"minecraft:white_concrete_powder":1,"minecraft:diamond":7,"minecraft:stone_axe":2,"minecraft:polished_diorite":1,"minecraft:writable_book":1,"minecraft:granite":44,"minecraft:golden_apple":1,"minecraft:terracotta":5,"minecraft:rooted_dirt":8,"minecraft:coal":14},"minecraft:crafted":{"minecraft:cobbled_deepslate_slab":126,"minecraft:oak_planks":16,"minecraft:bone_meal":33,"minecraft:polished_diorite":4,"minecraft:polished_deepslate":4,"minecraft:stone_pickaxe":1,"minecraft:cobbled_deepslate_stairs":16,"minecraft:oak_slab":6,"minecraft:crafting_table":1,"minecraft:bowl":4,"minecraft:birch_planks":4,"minecraft:campfire":1,"minecraft:deepslate_tiles":4,"minecraft:stone_axe":1,"minecraft:stick":12,"minecraft:iron_ingot":13,"minecraft:iron_pickaxe":5,"minecraft:deepslate_tile_slab":18},"minecraft:mined":{"minecraft:dark_prismarine":27,"minecraft:deepslate_tiles":14,"minecraft:diamond_ore":1,"minecraft:tuff":16,"minecraft:candle":2,"minecraft:deepslate_diamond_ore":3,"minecraft:cobbled_deepslate_stairs":4,"minecraft:dark_oak_log":3,"minecraft:sea_lantern":9,"minecraft:granite":50,"minecraft:budding_amethyst":5,"minecraft:cobbled_deepslate_slab":9,"minecraft:grass_block":100,"minecraft:deepslate_bricks":18,"minecraft:bubble_coral_block":1,"minecraft:polished_diorite":4,"minecraft:tube_coral_block":4,"minecraft:moss_block":46,"minecraft:rooted_dirt":11,"minecraft:raw_iron_block":1,"minecraft:raw_gold_block":2,"minecraft:iron_ore":23,"minecraft:cobbled_deepslate":6,"minecraft:green_terracotta":2,"minecraft:andesite":30,"minecraft:pumpkin":3,"minecraft:deepslate_lapis_ore":8,"minecraft:deepslate_iron_ore":9,"minecraft:packed_ice":7,"minecraft:azalea":2,"minecraft:stone":91,"minecraft:brain_coral_block":6,"minecraft:fire_coral_block":5,"minecraft:podzol":18,"minecraft:gray_terracotta":5,"minecraft:oak_slab":8,"minecraft:cyan_terracotta":9,"minecraft:powder_snow":7,"minecraft:oak_fence":1,"minecraft:clay":27,"minecraft:torch":2,"minecraft:light_gray_terracotta":5,"minecraft:sponge":2,"minecraft:calcite":43,"minecraft:melon":5,"minecraft:chest":18,"minecraft:tall_grass":5,"minecraft:copper_ore":50,"minecraft:cobblestone":3,"minecraft:deepslate_coal_ore":8,"minecraft:dried_kelp_block":6,"minecraft:lapis_ore":7,"minecraft:deepslate_gold_ore":7,"minecraft:prismarine":38,"minecraft:diorite":35,"minecraft:amethyst_block":59,"minecraft:deepslate_copper_ore":12,"minecraft:prismarine_bricks":21,"minecraft:white_terracotta":4,"minecraft:birch_log":26,"minecraft:sweet_berry_bush":3,"minecraft:blue_ice":8,"minecraft:spruce_log":7,"minecraft:grass":4,"minecraft:oak_log":35,"minecraft:coal_ore":16,"minecraft:sand":23,"minecraft:gravel":7,"minecraft:dripstone_block":21,"minecraft:dirt":66,"minecraft:smooth_basalt":13,"minecraft:terracotta":4,"minecraft:raw_copper_block":1,"minecraft:gold_ore":8,"minecraft:horn_coral_block":7,"minecraft:deepslate":41},"minecraft:dropped":{"minecraft:water_bucket":2,"minecraft:iron_ingot":18,"minecraft:wheat_seeds":1,"minecraft:cobbled_deepslate_stairs":12,"minecraft:cobblestone":29,"minecraft:stick":2,"minecraft:dirt":16,"minecraft:rabbit":4,"minecraft:wooden_sword":1,"minecraft:iron_pickaxe":2,"minecraft:stone_axe":2,"minecraft:sweet_berries":12,"minecraft:deepslate_tiles":1,"minecraft:stone_pickaxe":3,"minecraft:calcite":1},"minecraft:killed":{"minecraft:spider":1,"minecraft:skeleton":2,"minecraft:chicken":1,"minecraft:drowned":1,"minecraft:rabbit":1,"minecraft:creeper":1,"minecraft:polar_bear":1,"minecraft:zombie":2,"minecraft:stray":1},"minecraft:broken":{"minecraft:golden_helmet":1,"minecraft:stone_pickaxe":2,"minecraft:iron_pickaxe":2},"minecraft:custom":{"minecraft:mob_kills":8,"minecraft:animals_bred":1,"minecraft:interact_with_crafting_table":23,"minecraft:damage_dealt_resisted":135,"minecraft:leave_game":9,"minecraft:time_since_death":2679,"minecraft:sprint_one_cm":96654,"minecraft:walk_one_cm":490363,"minecraft:drop":29,"minecraft:play_time":156508,"minecraft:deaths":11,"minecraft:sneak_time":4383,"minecraft:walk_under_water_one_cm":872,"minecraft:jump":870,"minecraft:walk_on_water_one_cm":15767,"minecraft:total_world_time":156508,"minecraft:interact_with_furnace":5,"minecraft:sleep_in_bed":1,"minecraft:time_since_rest":2711,"minecraft:damage_taken":3277,"minecraft:damage_dealt":3311,"minecraft:fly_one_cm":144222,"minecraft:open_chest":160,"minecraft:crouch_one_cm":13572,"minecraft:fall_one_cm":10350},"minecraft:used":{"minecraft:azalea":4,"minecraft:moss_block":78,"minecraft:stone_sword":2,"minecraft:polished_deepslate":4,"minecraft:chest":2,"minecraft:wooden_shovel":3,"minecraft:green_terracotta":1,"minecraft:torch":4,"minecraft:dirt":30,"minecraft:deepslate_tile_slab":9,"minecraft:salmon_bucket":1,"minecraft:axolotl_bucket":16,"minecraft:polished_diorite":4,"minecraft:sea_lantern":1,"minecraft:sweet_berries":5,"minecraft:cobbled_deepslate":6,"minecraft:powder_snow_bucket":1,"minecraft:wheat_seeds":2,"minecraft:water_bucket":63,"minecraft:amethyst_block":27,"minecraft:stone_pickaxe":453,"minecraft:deepslate_bricks":4,"minecraft:crafting_table":1,"minecraft:mushroom_stew":8,"minecraft:campfire":1,"minecraft:cobbled_deepslate_stairs":16,"minecraft:deepslate_tiles":3,"minecraft:melon_slice":1,"minecraft:iron_pickaxe":752,"minecraft:budding_amethyst":1,"minecraft:stone_axe":20,"minecraft:cobbled_deepslate_slab":73,"minecraft:cobblestone":2,"minecraft:bucket":89,"minecraft:tropical_fish_bucket":9,"minecraft:candle":4,"minecraft:bone_meal":34}},"DataVersion":2975}