{"stats":{"minecraft:broken":{"minecraft:golden_helmet":1,"minecraft:stone_pickaxe":2,"minecraft:iron_pickaxe":1},"minecraft:custom":{"minecraft:mob_kills":6,"minecraft:animals_bred":1,"minecraft:interact_with_crafting_table":21,"minecraft:leave_game":8,"minecraft:time_since_death":21200,"minecraft:sprint_one_cm":63162,"minecraft:walk_one_cm":408371,"minecraft:drop":28,"minecraft:play_time":121960,"minecraft:deaths":5,"minecraft:sneak_time":3920,"minecraft:walk_under_water_one_cm":872,"minecraft:jump":509,"minecraft:walk_on_water_one_cm":2916,"minecraft:total_world_time":121960,"minecraft:interact_with_furnace":5,"minecraft:time_since_rest":21267,"minecraft:damage_taken":1627,"minecraft:damage_dealt":2248,"minecraft:fly_one_cm":64346,"minecraft:open_chest":118,"minecraft:crouch_one_cm":12389,"minecraft:fall_one_cm":6657},"minecraft:crafted":{"minecraft:cobbled_deepslate_slab":126,"minecraft:oak_planks":16,"minecraft:bone_meal":33,"minecraft:polished_diorite":4,"minecraft:polished_deepslate":4,"minecraft:stone_pickaxe":1,"minecraft:cobbled_deepslate_stairs":16,"minecraft:oak_slab":6,"minecraft:crafting_table":1,"minecraft:bowl":4,"minecraft:birch_planks":4,"minecraft:campfire":1,"minecraft:stone_axe":1,"minecraft:deepslate_tiles":4,"minecraft:stick":12,"minecraft:iron_ingot":13,"minecraft:iron_pickaxe":3,"minecraft:deepslate_tile_slab":18},"minecraft:mined":{"minecraft:deepslate_tiles":14,"minecraft:tuff":7,"minecraft:deepslate_diamond_ore":1,"minecraft:cobbled_deepslate_stairs":4,"minecraft:dark_oak_log":1,"minecraft:granite":40,"minecraft:budding_amethyst":4,"minecraft:cobbled_deepslate_slab":8,"minecraft:grass_block":94,"minecraft:deepslate_bricks":18,"minecraft:polished_diorite":4,"minecraft:moss_block":5,"minecraft:raw_gold_block":2,"minecraft:iron_ore":21,"minecraft:cobbled_deepslate":3,"minecraft:green_terracotta":1,"minecraft:andesite":25,"minecraft:pumpkin":3,"minecraft:deepslate_lapis_ore":6,"minecraft:deepslate_iron_ore":6,"minecraft:packed_ice":6,"minecraft:azalea":2,"minecraft:stone":82,"minecraft:podzol":18,"minecraft:oak_slab":1,"minecraft:gray_terracotta":5,"minecraft:powder_snow":7,"minecraft:oak_fence":1,"minecraft:clay":11,"minecraft:torch":2,"minecraft:calcite":37,"minecraft:melon":4,"minecraft:chest":12,"minecraft:tall_grass":5,"minecraft:cobblestone":3,"minecraft:copper_ore":36,"minecraft:deepslate_coal_ore":3,"minecraft:lapis_ore":4,"minecraft:deepslate_gold_ore":4,"minecraft:diorite":31,"minecraft:amethyst_block":51,"minecraft:deepslate_copper_ore":6,"minecraft:white_terracotta":4,"minecraft:birch_log":23,"minecraft:blue_ice":8,"minecraft:spruce_log":7,"minecraft:grass":4,"minecraft:coal_ore":12,"minecraft:oak_log":31,"minecraft:dirt":65,"minecraft:dripstone_block":7,"minecraft:gravel":7,"minecraft:smooth_basalt":10,"minecraft:terracotta":4,"minecraft:raw_copper_block":1,"minecraft:gold_ore":6,"minecraft:deepslate":27},"minecraft:killed":{"minecraft:rabbit":1,"minecraft:creeper":1,"minecraft:polar_bear":1,"minecraft:zombie":2,"minecraft:stray":1},"minecraft:used":{"minecraft:azalea":1,"minecraft:moss_block":16,"minecraft:polished_deepslate":4,"minecraft:chest":2,"minecraft:wooden_shovel":3,"minecraft:torch":4,"minecraft:dirt":29,"minecraft:deepslate_tile_slab":9,"minecraft:axolotl_bucket":1,"minecraft:polished_diorite":4,"minecraft:sweet_berries":5,"minecraft:cobbled_deepslate":3,"minecraft:powder_snow_bucket":1,"minecraft:wheat_seeds":2,"minecraft:water_bucket":35,"minecraft:amethyst_block":27,"minecraft:stone_pickaxe":374,"minecraft:deepslate_bricks":4,"minecraft:crafting_table":1,"minecraft:mushroom_stew":6,"minecraft:campfire":1,"minecraft:cobbled_deepslate_stairs":16,"minecraft:deepslate_tiles":3,"minecraft:melon_slice":1,"minecraft:iron_pickaxe":389,"minecraft:budding_amethyst":1,"minecraft:stone_axe":20,"minecraft:cobblestone":2,"minecraft:cobbled_deepslate_slab":71,"minecraft:bucket":44,"minecraft:tropical_fish_bucket":6,"minecraft:candle":4,"minecraft:bone_meal":34},"minecraft:dropped":{"minecraft:water_bucket":1,"minecraft:iron_ingot":18,"minecraft:wheat_seeds":1,"minecraft:cobbled_deepslate_stairs":12,"minecraft:cobblestone":29,"minecraft:stick":2,"minecraft:dirt":16,"minecraft:rabbit":4,"minecraft:wooden_sword":1,"minecraft:iron_pickaxe":2,"minecraft:stone_axe":2,"minecraft:sweet_berries":12,"minecraft:deepslate_tiles":1,"minecraft:stone_pickaxe":3,"minecraft:calcite":1},"minecraft:killed_by":{"minecraft:player":1,"minecraft:goat":1},"minecraft:picked_up":{"minecraft:clay_ball":32,"minecraft:amethyst_block":33,"minecraft:string":3,"minecraft:raw_copper":166,"minecraft:wooden_sword":16,"minecraft:deepslate_tiles":18,"minecraft:candle":4,"minecraft:cobbled_deepslate":65,"minecraft:spruce_planks":2,"minecraft:calcite":24,"minecraft:azalea":1,"minecraft:wooden_shovel":4,"minecraft:iron_pickaxe":2,"minecraft:melon_slice":18,"minecraft:chest":12,"minecraft:birch_sapling":2,"minecraft:egg":3,"minecraft:tipped_arrow":2,"minecraft:golden_helmet":1,"minecraft:dark_oak_sapling":2,"minecraft:stick":5,"minecraft:raw_iron":30,"minecraft:oak_fence":1,"minecraft:torch":35,"minecraft:bowl":3,"minecraft:diorite":30,"minecraft:green_terracotta":3,"minecraft:stone_shovel":1,"minecraft:arrow":4,"minecraft:rotten_flesh":4,"minecraft:deepslate_bricks":26,"minecraft:cod":2,"minecraft:cobblestone":112,"minecraft:birch_log":19,"minecraft:feather":8,"minecraft:andesite":20,"minecraft:mushroom_stew":1,"minecraft:tuff":9,"minecraft:oak_log":32,"minecraft:cobbled_deepslate_stairs":2,"minecraft:gunpowder":2,"minecraft:deepslate_tile_slab":18,"minecraft:lapis_lazuli":69,"minecraft:dirt":115,"minecraft:stripped_birch_log":1,"minecraft:bone":7,"minecraft:gray_terracotta":8,"minecraft:wheat_seeds":8,"minecraft:raw_gold":12,"minecraft:cobbled_deepslate_slab":9,"minecraft:stone_pickaxe":21,"minecraft:rabbit":1,"minecraft:moss_block":21,"minecraft:smooth_basalt":3,"minecraft:pumpkin":3,"minecraft:sweet_berries":23,"minecraft:dripstone_block":1,"minecraft:amethyst_shard":1,"minecraft:spruce_sapling":9,"minecraft:spruce_log":44,"minecraft:light_gray_terracotta":1,"minecraft:pumpkin_seeds":1,"minecraft:white_concrete_powder":1,"minecraft:diamond":1,"minecraft:stone_axe":2,"minecraft:polished_diorite":1,"minecraft:granite":35,"minecraft:golden_apple":1,"minecraft:rooted_dirt":4,"minecraft:terracotta":5,"minecraft:coal":14}},"DataVersion":2975}