{"stats":{"minecraft:broken":{"minecraft:golden_helmet":1,"minecraft:stone_pickaxe":3,"minecraft:iron_pickaxe":4},"minecraft:custom":{"minecraft:animals_bred":2,"minecraft:interact_with_crafting_table":37,"minecraft:leave_game":10,"minecraft:time_since_death":27863,"minecraft:sprint_one_cm":142714,"minecraft:drop":40,"minecraft:talked_to_villager":3,"minecraft:play_time":236737,"minecraft:deaths":20,"minecraft:jump":1434,"minecraft:walk_on_water_one_cm":28440,"minecraft:interact_with_furnace":10,"minecraft:sleep_in_bed":1,"minecraft:damage_dealt":5308,"minecraft:crouch_one_cm":16616,"minecraft:horse_one_cm":7717,"minecraft:mob_kills":16,"minecraft:damage_dealt_resisted":135,"minecraft:walk_one_cm":702322,"minecraft:sneak_time":5650,"minecraft:walk_under_water_one_cm":9452,"minecraft:total_world_time":236737,"minecraft:time_since_rest":27897,"minecraft:damage_taken":6569,"minecraft:swim_one_cm":1785,"minecraft:fly_one_cm":217680,"minecraft:open_chest":321,"minecraft:fall_one_cm":21991},"minecraft:crafted":{"minecraft:oak_planks":16,"minecraft:glass":49,"minecraft:oak_slab":6,"minecraft:crafting_table":1,"minecraft:spruce_planks":120,"minecraft:birch_planks":4,"minecraft:campfire":1,"minecraft:stick":20,"minecraft:iron_ingot":22,"minecraft:iron_pickaxe":8,"minecraft:gold_ingot":9,"minecraft:lime_carpet":3,"minecraft:deepslate_tile_slab":18,"minecraft:cobbled_deepslate_slab":126,"minecraft:bone_meal":33,"minecraft:glass_pane":48,"minecraft:spruce_stairs":12,"minecraft:polished_diorite":4,"minecraft:polished_deepslate":4,"minecraft:iron_axe":2,"minecraft:stone_pickaxe":1,"minecraft:cobbled_deepslate_stairs":16,"minecraft:lead":2,"minecraft:bowl":4,"minecraft:deepslate_tiles":4,"minecraft:stone_axe":1,"minecraft:air":0,"minecraft:iron_shovel":1},"minecraft:mined":{"minecraft:dark_oak_planks":2,"minecraft:spruce_planks":18,"minecraft:cobbled_deepslate_stairs":4,"minecraft:granite":54,"minecraft:budding_amethyst":6,"minecraft:red_sand":64,"minecraft:acacia_log":5,"minecraft:grass_block":107,"minecraft:white_concrete":21,"minecraft:deepslate_bricks":18,"minecraft:polished_diorite":4,"minecraft:bubble_coral_block":2,"minecraft:tube_coral_block":6,"minecraft:raw_iron_block":1,"minecraft:iron_ore":41,"minecraft:cobbled_deepslate":6,"minecraft:pumpkin":3,"minecraft:deepslate_lapis_ore":19,"minecraft:azalea":2,"minecraft:brain_coral_block":6,"minecraft:gray_terracotta":5,"minecraft:cyan_terracotta":9,"minecraft:dead_bubble_coral_block":1,"minecraft:orange_terracotta":16,"minecraft:powder_snow":7,"minecraft:clay":54,"minecraft:torch":2,"minecraft:light_gray_terracotta":5,"minecraft:calcite":51,"minecraft:melon":6,"minecraft:chest":32,"minecraft:glass":1,"minecraft:cobblestone":7,"minecraft:prismarine":40,"minecraft:amethyst_block":90,"minecraft:deepslate_copper_ore":37,"minecraft:white_terracotta":15,"minecraft:birch_log":28,"minecraft:wheat":15,"minecraft:blue_ice":8,"minecraft:grass":4,"minecraft:oak_log":42,"minecraft:sand":115,"minecraft:dirt":76,"minecraft:smooth_basalt":15,"minecraft:raw_copper_block":1,"minecraft:horn_coral_block":9,"minecraft:deepslate":47,"minecraft:yellow_terracotta":11,"minecraft:deepslate_tiles":14,"minecraft:dark_prismarine":43,"minecraft:diamond_ore":3,"minecraft:tuff":22,"minecraft:mossy_cobblestone":1,"minecraft:deepslate_diamond_ore":11,"minecraft:candle":2,"minecraft:dark_oak_log":6,"minecraft:sea_lantern":11,"minecraft:cobbled_deepslate_slab":9,"minecraft:moss_block":76,"minecraft:kelp":5,"minecraft:sandstone":46,"minecraft:rooted_dirt":11,"minecraft:hay_block":10,"minecraft:redstone_ore":11,"minecraft:raw_gold_block":2,"minecraft:red_sandstone":51,"minecraft:green_terracotta":2,"minecraft:andesite":31,"minecraft:deepslate_iron_ore":20,"minecraft:packed_ice":8,"minecraft:stone":104,"minecraft:fire_coral_block":8,"minecraft:podzol":19,"minecraft:oak_slab":16,"minecraft:glass_pane":6,"minecraft:oak_fence":1,"minecraft:emerald_ore":15,"minecraft:sponge":2,"minecraft:campfire":1,"minecraft:tall_grass":5,"minecraft:copper_ore":67,"minecraft:deepslate_coal_ore":9,"minecraft:deepslate_gold_ore":7,"minecraft:dried_kelp_block":6,"minecraft:lapis_ore":11,"minecraft:diorite":38,"minecraft:big_dripleaf":1,"minecraft:prismarine_bricks":60,"minecraft:spruce_stairs":2,"minecraft:red_terracotta":13,"minecraft:sweet_berry_bush":3,"minecraft:spruce_log":9,"minecraft:coal_ore":29,"minecraft:gravel":10,"minecraft:dripstone_block":23,"minecraft:brown_terracotta":10,"minecraft:terracotta":17,"minecraft:gold_ore":8,"minecraft:deepslate_emerald_ore":2},"minecraft:killed":{"minecraft:spider":1,"minecraft:skeleton":2,"minecraft:chicken":1,"minecraft:creeper":1,"minecraft:pillager":1,"minecraft:zombie":2,"minecraft:stray":1,"minecraft:vindicator":1,"minecraft:llama":1,"minecraft:drowned":1,"minecraft:husk":3,"minecraft:rabbit":1,"minecraft:polar_bear":1},"minecraft:used":{"minecraft:moss_block":78,"minecraft:red_sand":9,"minecraft:iron_shovel":18,"minecraft:polished_deepslate":4,"minecraft:chest":5,"minecraft:iron_sword":8,"minecraft:green_terracotta":1,"minecraft:deepslate_tile_slab":9,"minecraft:axolotl_bucket":20,"minecraft:big_dripleaf":1,"minecraft:glass":6,"minecraft:iron_helmet":1,"minecraft:sweet_berries":5,"minecraft:stone_pickaxe":564,"minecraft:brain_coral":1,"minecraft:mushroom_stew":13,"minecraft:crossbow":3,"minecraft:cobbled_deepslate_stairs":16,"minecraft:deepslate_tiles":3,"minecraft:melon_slice":1,"minecraft:wooden_sword":4,"minecraft:tropical_fish_bucket":9,"minecraft:bone_meal":34,"minecraft:azalea":5,"minecraft:stone_sword":2,"minecraft:brain_coral_fan":1,"minecraft:spruce_planks":91,"minecraft:wooden_shovel":3,"minecraft:torch":4,"minecraft:dirt":30,"minecraft:spruce_stairs":13,"minecraft:cod_bucket":1,"minecraft:salmon_bucket":2,"minecraft:polished_diorite":4,"minecraft:iron_hoe":6,"minecraft:dark_oak_planks":28,"minecraft:flowering_azalea":5,"minecraft:sea_lantern":10,"minecraft:iron_axe":46,"minecraft:dead_bubble_coral_block":1,"minecraft:cobbled_deepslate":6,"minecraft:powder_snow_bucket":1,"minecraft:wheat_seeds":42,"minecraft:water_bucket":103,"minecraft:amethyst_block":39,"minecraft:deepslate_bricks":4,"minecraft:terracotta":4,"minecraft:crafting_table":1,"minecraft:campfire":1,"minecraft:spruce_log":6,"minecraft:iron_pickaxe":1407,"minecraft:budding_amethyst":1,"minecraft:stone_axe":20,"minecraft:cobblestone":3,"minecraft:cobbled_deepslate_slab":73,"minecraft:bucket":131,"minecraft:glass_pane":19,"minecraft:kelp":7,"minecraft:candle":4},"minecraft:dropped":{"minecraft:emerald":3,"minecraft:dirt":16,"minecraft:wooden_sword":1,"minecraft:iron_pickaxe":3,"minecraft:stone_axe":2,"minecraft:wheat":13,"minecraft:deepslate_tiles":1,"minecraft:leather_leggings":1,"minecraft:water_bucket":2,"minecraft:iron_ingot":64,"minecraft:wheat_seeds":1,"minecraft:cobbled_deepslate_stairs":12,"minecraft:cobblestone":29,"minecraft:amethyst_block":64,"minecraft:stick":2,"minecraft:rabbit":4,"minecraft:sweet_berries":14,"minecraft:stone_pickaxe":4,"minecraft:calcite":1},"minecraft:killed_by":{"minecraft:drowned":2,"minecraft:vindicator":6,"minecraft:elder_guardian":2,"minecraft:husk":2,"minecraft:player":2,"minecraft:spider":1,"minecraft:guardian":1,"minecraft:goat":1},"minecraft:picked_up":{"minecraft:seagrass":4,"minecraft:wheat":13,"minecraft:chainmail_boots":2,"minecraft:prismarine_shard":5,"minecraft:amethyst_block":134,"minecraft:cod_bucket":1,"minecraft:string":7,"minecraft:dead_tube_coral_block":7,"minecraft:raw_copper":392,"minecraft:deepslate_tiles":18,"minecraft:red_sand":55,"minecraft:cobbled_deepslate":75,"minecraft:bucket":2,"minecraft:spruce_planks":21,"minecraft:white_tulip":12,"minecraft:calcite":48,"minecraft:azalea":5,"minecraft:wooden_shovel":4,"minecraft:iron_pickaxe":10,"minecraft:melon_slice":26,"minecraft:golden_helmet":1,"minecraft:tipped_arrow":2,"minecraft:stick":13,"minecraft:big_dripleaf":4,"minecraft:brown_terracotta":11,"minecraft:oak_fence":1,"minecraft:torch":75,"minecraft:acacia_log":3,"minecraft:spruce_stairs":2,"minecraft:diorite":60,"minecraft:green_terracotta":5,"minecraft:stone_sword":8,"minecraft:cactus":10,"minecraft:rotten_flesh":19,"minecraft:tropical_fish":13,"minecraft:salmon_bucket":1,"minecraft:cyan_terracotta":4,"minecraft:white_terracotta":8,"minecraft:fire_coral_fan":2,"minecraft:music_disc_wait":1,"minecraft:cod":2,"minecraft:cobblestone":140,"minecraft:birch_log":25,"minecraft:feather":18,"minecraft:water_bucket":1,"minecraft:andesite":23,"minecraft:tuff":19,"minecraft:prismarine_bricks":53,"minecraft:lapis_lazuli":317,"minecraft:dirt":145,"minecraft:stripped_birch_log":1,"minecraft:bone":24,"minecraft:gray_terracotta":8,"minecraft:wheat_seeds":44,"minecraft:small_dripleaf":4,"minecraft:raw_gold":16,"minecraft:cobbled_deepslate_slab":69,"minecraft:rabbit":1,"minecraft:moss_block":58,"minecraft:prismarine":21,"minecraft:brain_coral":1,"minecraft:axolotl_bucket":1,"minecraft:sand":98,"minecraft:red_terracotta":31,"minecraft:dark_oak_log":8,"minecraft:mossy_cobblestone":1,"minecraft:dark_prismarine":54,"minecraft:light_gray_terracotta":2,"minecraft:diamond":16,"minecraft:writable_book":1,"minecraft:granite":48,"minecraft:golden_apple":3,"minecraft:white_concrete":17,"minecraft:emerald":20,"minecraft:rooted_dirt":8,"minecraft:chicken":6,"minecraft:clay_ball":204,"minecraft:leather_leggings":4,"minecraft:brown_mushroom":1,"minecraft:dead_horn_coral_block":2,"minecraft:wooden_sword":18,"minecraft:vex_spawn_egg":1,"minecraft:iron_shovel":1,"minecraft:candle":7,"minecraft:birch_sapling":2,"minecraft:chest":41,"minecraft:egg":3,"minecraft:dark_oak_sapling":2,"minecraft:lime_wool":3,"minecraft:raw_iron":87,"minecraft:sandstone":38,"minecraft:copper_ingot":1,"minecraft:bowl":4,"minecraft:gray_dye":4,"minecraft:amethyst_cluster":6,"minecraft:redstone":96,"minecraft:brown_dye":4,"minecraft:prismarine_crystals":27,"minecraft:dark_oak_planks":2,"minecraft:arrow":12,"minecraft:stone_shovel":1,"minecraft:shears":1,"minecraft:deepslate_bricks":26,"minecraft:hay_block":8,"minecraft:yellow_terracotta":20,"minecraft:gold_ingot":9,"minecraft:glow_ink_sac":7,"minecraft:salmon":5,"minecraft:leather":2,"minecraft:mushroom_stew":1,"minecraft:oak_log":57,"minecraft:cobbled_deepslate_stairs":17,"minecraft:gunpowder":2,"minecraft:deepslate_tile_slab":18,"minecraft:orange_terracotta":12,"minecraft:apple":3,"minecraft:kelp":5,"minecraft:red_sandstone":38,"minecraft:spore_blossom":1,"minecraft:iron_ingot":79,"minecraft:stone_pickaxe":40,"minecraft:acacia_sapling":1,"minecraft:iron_sword":3,"minecraft:flowering_azalea":2,"minecraft:oak_slab":8,"minecraft:smooth_basalt":5,"minecraft:pumpkin":3,"minecraft:sweet_berries":40,"minecraft:budding_amethyst":1,"minecraft:raw_iron_block":1,"minecraft:dripstone_block":23,"minecraft:gravel":3,"minecraft:brain_coral_fan":3,"minecraft:dead_fire_coral_block":3,"minecraft:amethyst_shard":11,"minecraft:spruce_sapling":9,"minecraft:spruce_log":87,"minecraft:sea_lantern":14,"minecraft:pumpkin_seeds":1,"minecraft:white_concrete_powder":1,"minecraft:stone_axe":2,"minecraft:polished_diorite":1,"minecraft:dead_bubble_coral_block":3,"minecraft:iron_helmet":1,"minecraft:terracotta":21,"minecraft:coal":25}},"DataVersion":2975}