{"stats":{"minecraft:killed":{"minecraft:rabbit":1,"minecraft:polar_bear":1,"minecraft:zombie":1,"minecraft:stray":1},"minecraft:used":{"minecraft:azalea":1,"minecraft:wheat_seeds":2,"minecraft:stone_pickaxe":336,"minecraft:chest":2,"minecraft:wooden_shovel":3,"minecraft:torch":3,"minecraft:dirt":26,"minecraft:crafting_table":1,"minecraft:mushroom_stew":1,"minecraft:campfire":1,"minecraft:melon_slice":1,"minecraft:iron_pickaxe":170,"minecraft:stone_axe":20,"minecraft:cobblestone":2,"minecraft:sweet_berries":5,"minecraft:bone_meal":18},"minecraft:custom":{"minecraft:interact_with_furnace":3,"minecraft:mob_kills":6,"minecraft:animals_bred":1,"minecraft:interact_with_crafting_table":12,"minecraft:leave_game":7,"minecraft:time_since_death":11483,"minecraft:time_since_rest":11601,"minecraft:sprint_one_cm":23202,"minecraft:damage_taken":1179,"minecraft:walk_one_cm":240268,"minecraft:drop":21,"minecraft:damage_dealt":1489,"minecraft:fly_one_cm":13391,"minecraft:open_chest":75,"minecraft:crouch_one_cm":8437,"minecraft:play_time":76369,"minecraft:deaths":4,"minecraft:sneak_time":2513,"minecraft:jump":232,"minecraft:total_world_time":76369,"minecraft:fall_one_cm":3613},"minecraft:picked_up":{"minecraft:birch_log":15,"minecraft:feather":8,"minecraft:clay_ball":28,"minecraft:andesite":19,"minecraft:mushroom_stew":1,"minecraft:oak_log":23,"minecraft:amethyst_block":21,"minecraft:dirt":101,"minecraft:string":1,"minecraft:stripped_birch_log":1,"minecraft:raw_copper":131,"minecraft:wooden_sword":16,"minecraft:bone":7,"minecraft:gray_terracotta":8,"minecraft:wheat_seeds":3,"minecraft:raw_gold":8,"minecraft:stone_pickaxe":19,"minecraft:calcite":19,"minecraft:azalea":1,"minecraft:wooden_shovel":4,"minecraft:iron_pickaxe":1,"minecraft:rabbit":1,"minecraft:melon_slice":18,"minecraft:chest":8,"minecraft:birch_sapling":1,"minecraft:egg":3,"minecraft:tipped_arrow":2,"minecraft:dark_oak_sapling":2,"minecraft:stick":5,"minecraft:raw_iron":17,"minecraft:smooth_basalt":3,"minecraft:pumpkin":3,"minecraft:sweet_berries":22,"minecraft:oak_fence":1,"minecraft:torch":17,"minecraft:bowl":1,"minecraft:spruce_sapling":3,"minecraft:diorite":30,"minecraft:spruce_log":41,"minecraft:pumpkin_seeds":1,"minecraft:arrow":4,"minecraft:stone_shovel":1,"minecraft:white_concrete_powder":1,"minecraft:stone_axe":2,"minecraft:granite":35,"minecraft:terracotta":5,"minecraft:cod":2,"minecraft:coal":9,"minecraft:cobblestone":106},"minecraft:broken":{"minecraft:stone_pickaxe":2},"minecraft:mined":{"minecraft:podzol":15,"minecraft:gray_terracotta":5,"minecraft:powder_snow":7,"minecraft:oak_fence":1,"minecraft:clay":11,"minecraft:granite":35,"minecraft:budding_amethyst":2,"minecraft:grass_block":92,"minecraft:calcite":34,"minecraft:melon":4,"minecraft:chest":10,"minecraft:cobblestone":1,"minecraft:copper_ore":36,"minecraft:diorite":30,"minecraft:amethyst_block":26,"minecraft:white_terracotta":4,"minecraft:raw_gold_block":2,"minecraft:birch_log":19,"minecraft:iron_ore":16,"minecraft:blue_ice":6,"minecraft:spruce_log":5,"minecraft:andesite":21,"minecraft:pumpkin":3,"minecraft:coal_ore":7,"minecraft:oak_log":26,"minecraft:dripstone_block":3,"minecraft:gravel":7,"minecraft:dirt":19,"minecraft:packed_ice":6,"minecraft:smooth_basalt":5,"minecraft:terracotta":4,"minecraft:azalea":1,"minecraft:raw_copper_block":1,"minecraft:stone":75,"minecraft:gold_ore":6},"minecraft:killed_by":{"minecraft:goat":1},"minecraft:dropped":{"minecraft:stone_axe":2,"minecraft:sweet_berries":9,"minecraft:cobblestone":29,"minecraft:stick":1,"minecraft:dirt":16,"minecraft:rabbit":4,"minecraft:wooden_sword":1,"minecraft:stone_pickaxe":3,"minecraft:iron_pickaxe":2,"minecraft:calcite":1},"minecraft:crafted":{"minecraft:oak_slab":6,"minecraft:oak_planks":16,"minecraft:crafting_table":1,"minecraft:bowl":4,"minecraft:bone_meal":15,"minecraft:birch_planks":4,"minecraft:campfire":1,"minecraft:stone_axe":1,"minecraft:stick":12,"minecraft:iron_ingot":13,"minecraft:iron_pickaxe":2,"minecraft:stone_pickaxe":1}},"DataVersion":2975}