{"stats":{"minecraft:killed":{"minecraft:wolf":1,"minecraft:pig":1,"minecraft:rabbit":3,"minecraft:spider":1,"minecraft:polar_bear":2,"minecraft:goat":2,"minecraft:zombie":1,"minecraft:stray":1},"minecraft:used":{"minecraft:wheat_seeds":1,"minecraft:amethyst_block":1,"minecraft:iron_shovel":2,"minecraft:stone_pickaxe":105,"minecraft:chest":8,"minecraft:wooden_pickaxe":12,"minecraft:wooden_shovel":17,"minecraft:torch":6,"minecraft:dirt":68,"minecraft:rail":2,"minecraft:cod":2,"minecraft:granite":1,"minecraft:spruce_log":6,"minecraft:oak_log":7,"minecraft:wooden_axe":16,"minecraft:iron_pickaxe":29,"minecraft:iron_axe":37,"minecraft:birch_sapling":5,"minecraft:spruce_sapling":7,"minecraft:stone_axe":75,"minecraft:wooden_sword":27,"minecraft:cobblestone":14,"minecraft:furnace":1,"minecraft:oak_sapling":4,"minecraft:cooked_porkchop":1,"minecraft:birch_log":1},"minecraft:custom":{"minecraft:interact_with_furnace":12,"minecraft:mob_kills":13,"minecraft:interact_with_crafting_table":22,"minecraft:interact_with_campfire":2,"minecraft:damage_dealt_resisted":54,"minecraft:time_since_death":15868,"minecraft:time_since_rest":15904,"minecraft:sprint_one_cm":42771,"minecraft:damage_taken":1685,"minecraft:walk_one_cm":307382,"minecraft:drop":41,"minecraft:damage_dealt":2032,"minecraft:fly_one_cm":10650,"minecraft:open_chest":137,"minecraft:crouch_one_cm":2940,"minecraft:play_time":70292,"minecraft:deaths":6,"minecraft:sneak_time":1717,"minecraft:jump":124,"minecraft:total_world_time":70292,"minecraft:fall_one_cm":1864},"minecraft:picked_up":{"minecraft:wooden_axe":1,"minecraft:birch_log":55,"minecraft:golden_carrot":2,"minecraft:clay_ball":48,"minecraft:andesite":13,"minecraft:pink_wool":1,"minecraft:birch_planks":1,"minecraft:mushroom_stew":2,"minecraft:oak_log":55,"minecraft:amethyst_block":8,"minecraft:dirt":95,"minecraft:string":1,"minecraft:raw_copper":10,"minecraft:wooden_sword":12,"minecraft:bone":4,"minecraft:wheat_seeds":2,"minecraft:raw_gold":1,"minecraft:bucket":1,"minecraft:rabbit_hide":2,"minecraft:beef":1,"minecraft:stone_pickaxe":13,"minecraft:calcite":13,"minecraft:wooden_shovel":2,"minecraft:rabbit":3,"minecraft:birch_sapling":7,"minecraft:melon_slice":86,"minecraft:chest":13,"minecraft:smooth_basalt":3,"minecraft:glow_lichen":1,"minecraft:stick":10,"minecraft:raw_iron":11,"minecraft:cooked_porkchop":2,"minecraft:pumpkin":6,"minecraft:sweet_berries":2,"minecraft:torch":12,"minecraft:gravel":6,"minecraft:porkchop":2,"minecraft:spruce_sapling":8,"minecraft:spruce_log":46,"minecraft:diorite":13,"minecraft:grass_block":1,"minecraft:carrot":1,"minecraft:dark_oak_log":1,"minecraft:arrow":1,"minecraft:blue_terracotta":1,"minecraft:rotten_flesh":1,"minecraft:granite":14,"minecraft:gold_ingot":1,"minecraft:white_terracotta":16,"minecraft:terracotta":5,"minecraft:oak_sapling":3,"minecraft:mutton":2,"minecraft:cod":2,"minecraft:coal":5,"minecraft:cobblestone":108},"minecraft:broken":{"minecraft:wooden_axe":1},"minecraft:mined":{"minecraft:podzol":8,"minecraft:dark_oak_log":1,"minecraft:stripped_birch_log":1,"minecraft:powder_snow":1,"minecraft:clay":9,"minecraft:torch":3,"minecraft:granite":8,"minecraft:calcite":8,"minecraft:grass_block":53,"minecraft:melon":7,"minecraft:chest":12,"minecraft:copper_ore":3,"minecraft:cobblestone":5,"minecraft:spruce_leaves":8,"minecraft:diorite":5,"minecraft:amethyst_block":5,"minecraft:white_terracotta":2,"minecraft:spruce_sapling":1,"minecraft:wheat":1,"minecraft:birch_log":34,"minecraft:iron_ore":8,"minecraft:sweet_berry_bush":1,"minecraft:blue_ice":3,"minecraft:birch_leaves":5,"minecraft:spruce_log":32,"minecraft:andesite":3,"minecraft:pumpkin":2,"minecraft:oak_log":37,"minecraft:dripstone_block":2,"minecraft:dirt":22,"minecraft:packed_ice":7,"minecraft:smooth_basalt":5,"minecraft:azalea_leaves":3,"minecraft:terracotta":3,"minecraft:stone":35,"minecraft:oak_leaves":3},"minecraft:killed_by":{"minecraft:wolf":1,"minecraft:goat":1},"minecraft:dropped":{"minecraft:raw_copper":211,"minecraft:stone_shovel":1,"minecraft:mushroom_stew":1,"minecraft:dirt":37,"minecraft:wooden_shovel":7,"minecraft:wooden_sword":9,"minecraft:iron_axe":1,"minecraft:stone_pickaxe":12,"minecraft:wooden_pickaxe":1},"minecraft:crafted":{"minecraft:oak_planks":116,"minecraft:spruce_planks":80,"minecraft:wooden_pickaxe":1,"minecraft:bowl":4,"minecraft:furnace":1,"minecraft:stone_axe":1,"minecraft:air":0,"minecraft:iron_axe":2,"minecraft:stick":24,"minecraft:iron_ingot":27,"minecraft:iron_pickaxe":1,"minecraft:stone_pickaxe":4,"minecraft:iron_shovel":1,"minecraft:torch":4}},"DataVersion":2975}