{"stats":{"minecraft:broken":{"minecraft:leather_helmet":1,"minecraft:stone_axe":1,"minecraft:iron_pickaxe":1,"minecraft:wooden_axe":1},"minecraft:custom":{"minecraft:mob_kills":23,"minecraft:interact_with_crafting_table":25,"minecraft:interact_with_campfire":2,"minecraft:damage_dealt_resisted":54,"minecraft:leave_game":1,"minecraft:time_since_death":59009,"minecraft:sprint_one_cm":84829,"minecraft:walk_one_cm":462366,"minecraft:drop":52,"minecraft:play_time":113433,"minecraft:deaths":6,"minecraft:sneak_time":3091,"minecraft:jump":277,"minecraft:walk_on_water_one_cm":556,"minecraft:total_world_time":113433,"minecraft:interact_with_furnace":19,"minecraft:time_since_rest":59045,"minecraft:damage_taken":2358,"minecraft:damage_dealt":4307,"minecraft:player_kills":1,"minecraft:fly_one_cm":24793,"minecraft:open_chest":198,"minecraft:crouch_one_cm":7209,"minecraft:fall_one_cm":3400},"minecraft:crafted":{"minecraft:oak_planks":116,"minecraft:furnace":1,"minecraft:iron_axe":2,"minecraft:iron_hoe":1,"minecraft:stone_pickaxe":4,"minecraft:spruce_planks":80,"minecraft:wooden_pickaxe":1,"minecraft:bowl":4,"minecraft:birch_planks":4,"minecraft:stone_axe":1,"minecraft:air":0,"minecraft:stick":24,"minecraft:iron_ingot":46,"minecraft:iron_pickaxe":2,"minecraft:iron_shovel":1,"minecraft:gold_ingot":2,"minecraft:torch":4},"minecraft:mined":{"minecraft:deepslate_tiles":17,"minecraft:diamond_ore":1,"minecraft:tuff":14,"minecraft:deepslate_diamond_ore":5,"minecraft:stripped_birch_log":1,"minecraft:dark_oak_log":15,"minecraft:granite":9,"minecraft:cobbled_deepslate_slab":3,"minecraft:budding_amethyst":3,"minecraft:grass_block":59,"minecraft:deepslate_bricks":43,"minecraft:polished_diorite":2,"minecraft:spruce_leaves":10,"minecraft:rooted_dirt":3,"minecraft:moss_block":66,"minecraft:spruce_sapling":1,"minecraft:iron_ore":8,"minecraft:andesite":6,"minecraft:moss_carpet":2,"minecraft:pumpkin":2,"minecraft:deepslate_lapis_ore":3,"minecraft:deepslate_iron_ore":11,"minecraft:packed_ice":7,"minecraft:azalea_leaves":3,"minecraft:stone":58,"minecraft:podzol":8,"minecraft:powder_snow":1,"minecraft:clay":10,"minecraft:torch":7,"minecraft:calcite":18,"minecraft:melon":7,"minecraft:chest":16,"minecraft:lime_carpet":4,"minecraft:copper_ore":5,"minecraft:cobblestone":6,"minecraft:deepslate_coal_ore":6,"minecraft:deepslate_gold_ore":11,"minecraft:diorite":9,"minecraft:amethyst_block":19,"minecraft:deepslate_copper_ore":7,"minecraft:white_terracotta":2,"minecraft:birch_log":35,"minecraft:sweet_berry_bush":2,"minecraft:wheat":5,"minecraft:blue_ice":3,"minecraft:spruce_log":118,"minecraft:birch_leaves":5,"minecraft:grass":2,"minecraft:coal_ore":1,"minecraft:oak_log":55,"minecraft:gravel":2,"minecraft:dirt":29,"minecraft:dripstone_block":2,"minecraft:smooth_basalt":7,"minecraft:terracotta":3,"minecraft:gold_ore":1,"minecraft:oak_leaves":3,"minecraft:deepslate":33},"minecraft:killed":{"minecraft:spider":1,"minecraft:skeleton":2,"minecraft:wolf":1,"minecraft:pig":1,"minecraft:rabbit":3,"minecraft:polar_bear":2,"minecraft:goat":2,"minecraft:zombie":5,"minecraft:stray":1},"minecraft:used":{"minecraft:iron_shovel":8,"minecraft:chest":8,"minecraft:spruce_planks":8,"minecraft:wooden_shovel":17,"minecraft:rotten_flesh":1,"minecraft:torch":17,"minecraft:dirt":140,"minecraft:tuff":1,"minecraft:snowball":16,"minecraft:granite":1,"minecraft:iron_hoe":113,"minecraft:wooden_axe":16,"minecraft:iron_axe":151,"minecraft:birch_sapling":5,"minecraft:sweet_berries":15,"minecraft:furnace":1,"minecraft:oak_sapling":4,"minecraft:dark_oak_sapling":1,"minecraft:wheat_seeds":17,"minecraft:amethyst_block":1,"minecraft:stone_pickaxe":105,"minecraft:wooden_pickaxe":12,"minecraft:deepslate_bricks":69,"minecraft:rail":2,"minecraft:mushroom_stew":12,"minecraft:cod":2,"minecraft:spruce_log":6,"minecraft:deepslate_tiles":5,"minecraft:oak_log":7,"minecraft:lime_carpet":4,"minecraft:iron_pickaxe":274,"minecraft:spruce_sapling":7,"minecraft:stone_axe":127,"minecraft:wooden_sword":27,"minecraft:cobblestone":20,"minecraft:cobbled_deepslate_slab":4,"minecraft:cooked_porkchop":1,"minecraft:birch_log":1},"minecraft:dropped":{"minecraft:tropical_fish":1,"minecraft:mushroom_stew":1,"minecraft:stick":1,"minecraft:dirt":37,"minecraft:wooden_sword":9,"minecraft:iron_axe":1,"minecraft:raw_copper":218,"minecraft:stone_shovel":1,"minecraft:chest":10,"minecraft:wooden_shovel":7,"minecraft:stone_pickaxe":13,"minecraft:wooden_pickaxe":1},"minecraft:killed_by":{"minecraft:wolf":1,"minecraft:goat":1},"minecraft:picked_up":{"minecraft:wooden_axe":1,"minecraft:wheat":3,"minecraft:clay_ball":52,"minecraft:pink_wool":1,"minecraft:amethyst_block":15,"minecraft:string":1,"minecraft:moss_carpet":8,"minecraft:raw_copper":17,"minecraft:wooden_sword":12,"minecraft:deepslate_tiles":5,"minecraft:candle":2,"minecraft:cobbled_deepslate":20,"minecraft:bucket":1,"minecraft:spruce_planks":2,"minecraft:beef":1,"minecraft:calcite":19,"minecraft:wooden_shovel":2,"minecraft:melon_slice":86,"minecraft:birch_sapling":7,"minecraft:chest":13,"minecraft:dark_oak_sapling":1,"minecraft:stick":11,"minecraft:raw_iron":18,"minecraft:torch":18,"minecraft:porkchop":2,"minecraft:diorite":17,"minecraft:carrot":1,"minecraft:arrow":7,"minecraft:lime_carpet":4,"minecraft:rotten_flesh":4,"minecraft:tropical_fish":1,"minecraft:music_disc_ward":1,"minecraft:deepslate_bricks":34,"minecraft:gold_ingot":1,"minecraft:white_terracotta":16,"minecraft:mutton":2,"minecraft:cod":2,"minecraft:cobblestone":129,"minecraft:birch_log":55,"minecraft:golden_carrot":2,"minecraft:andesite":16,"minecraft:birch_planks":1,"minecraft:mushroom_stew":2,"minecraft:tuff":4,"minecraft:oak_log":67,"minecraft:cobbled_deepslate_stairs":4,"minecraft:deepslate_tile_slab":2,"minecraft:lapis_lazuli":82,"minecraft:dirt":107,"minecraft:bone":11,"minecraft:wheat_seeds":18,"minecraft:raw_gold":10,"minecraft:cobbled_deepslate_slab":4,"minecraft:rabbit_hide":2,"minecraft:stone_pickaxe":14,"minecraft:music_disc_far":1,"minecraft:rabbit":3,"minecraft:moss_block":37,"minecraft:glow_lichen":1,"minecraft:smooth_basalt":6,"minecraft:cooked_porkchop":2,"minecraft:pumpkin":6,"minecraft:sweet_berries":21,"minecraft:gravel":9,"minecraft:spruce_sapling":11,"minecraft:spruce_log":125,"minecraft:grass_block":1,"minecraft:dark_oak_log":6,"minecraft:leather_helmet":1,"minecraft:blue_terracotta":1,"minecraft:diamond":2,"minecraft:polished_diorite":2,"minecraft:granite":16,"minecraft:terracotta":6,"minecraft:oak_sapling":3,"minecraft:coal":8}},"DataVersion":2975}