{"stats":{"minecraft:mined":{"minecraft:dark_prismarine":9,"minecraft:deepslate_tiles":17,"minecraft:diamond_ore":1,"minecraft:tuff":14,"minecraft:deepslate_diamond_ore":5,"minecraft:dark_oak_log":19,"minecraft:stripped_birch_log":1,"minecraft:sea_lantern":4,"minecraft:granite":9,"minecraft:cobbled_deepslate_slab":3,"minecraft:budding_amethyst":7,"minecraft:grass_block":59,"minecraft:deepslate_bricks":43,"minecraft:polished_diorite":2,"minecraft:spruce_leaves":10,"minecraft:tube_coral_block":1,"minecraft:moss_block":67,"minecraft:rooted_dirt":3,"minecraft:spruce_sapling":1,"minecraft:iron_ore":8,"minecraft:andesite":6,"minecraft:pumpkin":2,"minecraft:moss_carpet":2,"minecraft:deepslate_lapis_ore":3,"minecraft:deepslate_iron_ore":11,"minecraft:packed_ice":7,"minecraft:azalea_leaves":3,"minecraft:stone":59,"minecraft:podzol":8,"minecraft:cyan_terracotta":1,"minecraft:powder_snow":1,"minecraft:clay":17,"minecraft:torch":8,"minecraft:calcite":20,"minecraft:sponge":1,"minecraft:melon":7,"minecraft:chest":17,"minecraft:lime_carpet":4,"minecraft:copper_ore":10,"minecraft:cobblestone":6,"minecraft:deepslate_coal_ore":6,"minecraft:deepslate_gold_ore":11,"minecraft:dried_kelp_block":1,"minecraft:lapis_ore":1,"minecraft:prismarine":11,"minecraft:diorite":11,"minecraft:amethyst_block":19,"minecraft:deepslate_copper_ore":8,"minecraft:prismarine_bricks":6,"minecraft:white_terracotta":2,"minecraft:birch_log":35,"minecraft:sweet_berry_bush":10,"minecraft:wheat":5,"minecraft:blue_ice":3,"minecraft:spruce_log":118,"minecraft:birch_leaves":5,"minecraft:grass":2,"minecraft:oak_log":59,"minecraft:coal_ore":1,"minecraft:gravel":2,"minecraft:dripstone_block":2,"minecraft:sand":8,"minecraft:dirt":30,"minecraft:smooth_basalt":7,"minecraft:terracotta":3,"minecraft:gold_ore":1,"minecraft:oak_leaves":3,"minecraft:deepslate":37},"minecraft:killed_by":{"minecraft:wolf":1,"minecraft:drowned":2,"minecraft:goat":1,"minecraft:elder_guardian":4},"minecraft:broken":{"minecraft:leather_helmet":1,"minecraft:stone_axe":1,"minecraft:iron_pickaxe":1,"minecraft:wooden_axe":1},"minecraft:dropped":{"minecraft:tropical_fish":1,"minecraft:mushroom_stew":1,"minecraft:stick":1,"minecraft:dirt":37,"minecraft:wooden_sword":9,"minecraft:iron_axe":1,"minecraft:raw_copper":218,"minecraft:stone_shovel":1,"minecraft:chest":13,"minecraft:wooden_shovel":7,"minecraft:wooden_pickaxe":1,"minecraft:stone_pickaxe":13},"minecraft:picked_up":{"minecraft:wooden_axe":1,"minecraft:wheat":3,"minecraft:chainmail_boots":1,"minecraft:clay_ball":72,"minecraft:prismarine_shard":8,"minecraft:pink_wool":1,"minecraft:amethyst_block":15,"minecraft:string":1,"minecraft:dead_tube_coral_block":5,"minecraft:moss_carpet":8,"minecraft:raw_copper":17,"minecraft:wooden_sword":12,"minecraft:deepslate_tiles":5,"minecraft:candle":2,"minecraft:cobbled_deepslate":40,"minecraft:bucket":1,"minecraft:spruce_planks":3,"minecraft:beef":1,"minecraft:calcite":19,"minecraft:wooden_shovel":2,"minecraft:iron_pickaxe":5,"minecraft:melon_slice":98,"minecraft:birch_sapling":7,"minecraft:chest":20,"minecraft:dark_oak_sapling":1,"minecraft:stick":21,"minecraft:raw_iron":18,"minecraft:torch":19,"minecraft:bowl":2,"minecraft:amethyst_cluster":2,"minecraft:porkchop":2,"minecraft:diorite":30,"minecraft:carrot":1,"minecraft:redstone":2,"minecraft:prismarine_crystals":12,"minecraft:stone_sword":16,"minecraft:arrow":9,"minecraft:lime_carpet":4,"minecraft:rotten_flesh":9,"minecraft:tropical_fish":6,"minecraft:music_disc_ward":1,"minecraft:deepslate_bricks":34,"minecraft:cyan_terracotta":20,"minecraft:gold_ingot":1,"minecraft:white_terracotta":16,"minecraft:mutton":2,"minecraft:cod":8,"minecraft:cobblestone":130,"minecraft:wet_sponge":1,"minecraft:nautilus_shell":3,"minecraft:birch_log":56,"minecraft:feather":2,"minecraft:golden_carrot":2,"minecraft:salmon":2,"minecraft:glow_ink_sac":2,"minecraft:andesite":18,"minecraft:birch_planks":1,"minecraft:mushroom_stew":2,"minecraft:tuff":4,"minecraft:oak_log":82,"minecraft:prismarine_bricks":1,"minecraft:lily_pad":2,"minecraft:cobbled_deepslate_stairs":4,"minecraft:deepslate_tile_slab":2,"minecraft:lapis_lazuli":82,"minecraft:dirt":107,"minecraft:bone":11,"minecraft:wheat_seeds":21,"minecraft:raw_gold":10,"minecraft:cobbled_deepslate_slab":4,"minecraft:rabbit_hide":2,"minecraft:iron_ingot":46,"minecraft:music_disc_far":1,"minecraft:stone_pickaxe":30,"minecraft:rabbit":3,"minecraft:moss_block":45,"minecraft:prismarine":26,"minecraft:iron_sword":2,"minecraft:glow_lichen":1,"minecraft:smooth_basalt":6,"minecraft:cooked_porkchop":2,"minecraft:pumpkin":6,"minecraft:sweet_berries":60,"minecraft:raw_iron_block":1,"minecraft:dripstone_block":10,"minecraft:gravel":9,"minecraft:dead_fire_coral_block":5,"minecraft:sand":20,"minecraft:spruce_sapling":11,"minecraft:spruce_log":233,"minecraft:grass_block":1,"minecraft:dark_oak_log":11,"minecraft:sea_lantern":6,"minecraft:leather_helmet":1,"minecraft:dark_prismarine":29,"minecraft:iron_hoe":1,"minecraft:blue_terracotta":1,"minecraft:diamond":2,"minecraft:polished_diorite":2,"minecraft:writable_book":2,"minecraft:granite":116,"minecraft:terracotta":6,"minecraft:rooted_dirt":2,"minecraft:oak_sapling":3,"minecraft:coal":8},"minecraft:crafted":{"minecraft:oak_planks":116,"minecraft:furnace":1,"minecraft:iron_axe":2,"minecraft:iron_hoe":1,"minecraft:stone_pickaxe":4,"minecraft:spruce_planks":80,"minecraft:wooden_pickaxe":1,"minecraft:bowl":4,"minecraft:birch_planks":4,"minecraft:stone_axe":1,"minecraft:air":0,"minecraft:stick":24,"minecraft:iron_pickaxe":2,"minecraft:iron_ingot":46,"minecraft:iron_shovel":1,"minecraft:gold_ingot":2,"minecraft:torch":4},"minecraft:killed":{"minecraft:spider":1,"minecraft:skeleton":2,"minecraft:wolf":1,"minecraft:pig":1,"minecraft:rabbit":3,"minecraft:polar_bear":2,"minecraft:goat":2,"minecraft:zombie":5,"minecraft:stray":1},"minecraft:custom":{"minecraft:mob_kills":25,"minecraft:interact_with_crafting_table":25,"minecraft:interact_with_campfire":2,"minecraft:damage_dealt_resisted":54,"minecraft:leave_game":7,"minecraft:time_since_death":6056,"minecraft:sprint_one_cm":108342,"minecraft:walk_one_cm":503307,"minecraft:drop":55,"minecraft:play_time":127260,"minecraft:deaths":12,"minecraft:sneak_time":3251,"minecraft:jump":341,"minecraft:walk_on_water_one_cm":556,"minecraft:total_world_time":127260,"minecraft:interact_with_furnace":19,"minecraft:time_since_rest":6091,"minecraft:damage_taken":4233,"minecraft:damage_dealt":5261,"minecraft:fly_one_cm":34096,"minecraft:player_kills":1,"minecraft:open_chest":207,"minecraft:crouch_one_cm":7209,"minecraft:fall_one_cm":3820},"minecraft:used":{"minecraft:writable_book":2,"minecraft:stone_sword":16,"minecraft:iron_shovel":10,"minecraft:tropical_fish":1,"minecraft:chest":8,"minecraft:spruce_planks":8,"minecraft:iron_sword":6,"minecraft:wooden_shovel":17,"minecraft:rotten_flesh":1,"minecraft:torch":19,"minecraft:dirt":140,"minecraft:snowball":16,"minecraft:tuff":1,"minecraft:granite":1,"minecraft:iron_hoe":113,"minecraft:wooden_axe":16,"minecraft:iron_axe":168,"minecraft:birch_sapling":5,"minecraft:sweet_berries":26,"minecraft:oak_sapling":4,"minecraft:furnace":1,"minecraft:dark_oak_sapling":1,"minecraft:wheat_seeds":17,"minecraft:amethyst_block":1,"minecraft:stone_pickaxe":132,"minecraft:wooden_pickaxe":12,"minecraft:deepslate_bricks":69,"minecraft:rail":2,"minecraft:mushroom_stew":15,"minecraft:cod":2,"minecraft:spruce_log":6,"minecraft:deepslate_tiles":5,"minecraft:oak_log":7,"minecraft:iron_pickaxe":321,"minecraft:lime_carpet":4,"minecraft:spruce_sapling":7,"minecraft:stone_axe":127,"minecraft:wooden_sword":27,"minecraft:cobbled_deepslate_slab":4,"minecraft:cobblestone":20,"minecraft:cooked_porkchop":1,"minecraft:birch_log":1}},"DataVersion":2975}