{"stats":{"minecraft:killed_by":{"minecraft:player":1,"minecraft:stray":1,"minecraft:drowned":2,"minecraft:elder_guardian":1},"minecraft:picked_up":{"minecraft:crafting_table":2,"minecraft:wheat":12,"minecraft:purple_wool":4,"minecraft:chainmail_boots":2,"minecraft:clay_ball":108,"minecraft:pink_wool":1,"minecraft:amethyst_block":53,"minecraft:dead_tube_coral_block":1,"minecraft:iron_axe":2,"minecraft:polished_deepslate":3,"minecraft:string":3,"minecraft:moss_carpet":11,"minecraft:raw_copper":182,"minecraft:wooden_sword":8,"minecraft:iron_shovel":1,"minecraft:pufferfish":1,"minecraft:deepslate_tiles":15,"minecraft:candle":9,"minecraft:cobbled_deepslate":34,"minecraft:bucket":2,"minecraft:spruce_planks":11,"minecraft:beef":4,"minecraft:calcite":33,"minecraft:azalea":4,"minecraft:wooden_shovel":1,"minecraft:spruce_slab":26,"minecraft:iron_pickaxe":5,"minecraft:melon_slice":5,"minecraft:chest":24,"minecraft:birch_sapling":4,"minecraft:raw_copper_block":5,"minecraft:furnace":1,"minecraft:tipped_arrow":1,"minecraft:lime_wool":8,"minecraft:stick":9,"minecraft:raw_iron":35,"minecraft:raw_gold_block":2,"minecraft:jukebox":1,"minecraft:oak_fence":19,"minecraft:torch":16,"minecraft:porkchop":4,"minecraft:diorite":35,"minecraft:carrot":1,"minecraft:prismarine_crystals":1,"minecraft:dark_oak_planks":1,"minecraft:stone_sword":14,"minecraft:arrow":5,"minecraft:rotten_flesh":17,"minecraft:shears":2,"minecraft:deepslate_bricks":27,"minecraft:cyan_terracotta":6,"minecraft:white_terracotta":9,"minecraft:wet_sponge":1,"minecraft:mutton":4,"minecraft:cobblestone":81,"minecraft:cod":4,"minecraft:snowball":100,"minecraft:rail":2,"minecraft:sponge":2,"minecraft:birch_log":18,"minecraft:leather_chestplate":1,"minecraft:salmon":4,"minecraft:feather":2,"minecraft:water_bucket":2,"minecraft:andesite":17,"minecraft:leather":3,"minecraft:prismarine_bricks":26,"minecraft:lily_pad":2,"minecraft:mushroom_stew":2,"minecraft:flint":2,"minecraft:tuff":27,"minecraft:oak_log":50,"minecraft:cobbled_deepslate_stairs":12,"minecraft:lapis_lazuli":54,"minecraft:deepslate_tile_slab":2,"minecraft:dirt":245,"minecraft:bone":12,"minecraft:gray_terracotta":8,"minecraft:wheat_seeds":46,"minecraft:raw_gold":18,"minecraft:cobbled_deepslate_slab":84,"minecraft:iron_ingot":18,"minecraft:stone_pickaxe":27,"minecraft:prismarine":20,"minecraft:moss_block":41,"minecraft:iron_sword":3,"minecraft:stone_hoe":1,"minecraft:flowering_azalea":3,"minecraft:oak_slab":8,"minecraft:glow_lichen":3,"minecraft:smooth_basalt":20,"minecraft:pumpkin":1,"minecraft:dead_fire_coral_block":10,"minecraft:raw_iron_block":2,"minecraft:dripstone_block":28,"minecraft:gravel":7,"minecraft:sand":26,"minecraft:spruce_log":133,"minecraft:sea_lantern":18,"minecraft:spider_eye":2,"minecraft:dark_oak_log":24,"minecraft:leather_helmet":1,"minecraft:iron_hoe":1,"minecraft:blue_terracotta":1,"minecraft:white_concrete_powder":1,"minecraft:diamond":5,"minecraft:polished_diorite":4,"minecraft:stone_axe":2,"minecraft:dead_bubble_coral_block":16,"minecraft:iron_helmet":1,"minecraft:granite":69,"minecraft:bone_meal":3,"minecraft:rooted_dirt":4,"minecraft:terracotta":7,"minecraft:coal":14},"minecraft:crafted":{"minecraft:oak_planks":148,"minecraft:raw_iron":18,"minecraft:stone_shovel":2,"minecraft:jukebox":1,"minecraft:purple_bed":1,"minecraft:iron_axe":1,"minecraft:spruce_slab":48,"minecraft:cobbled_deepslate_stairs":20,"minecraft:dark_oak_planks":36,"minecraft:stone_hoe":2,"minecraft:oak_fence":30,"minecraft:oak_slab":306,"minecraft:crafting_table":1,"minecraft:spruce_planks":68,"minecraft:iron_sword":1,"minecraft:stone_axe":1,"minecraft:air":0,"minecraft:oak_fence_gate":2,"minecraft:raw_gold":18,"minecraft:stick":120,"minecraft:iron_pickaxe":2,"minecraft:iron_ingot":29,"minecraft:wooden_axe":1,"minecraft:iron_shovel":1,"minecraft:gold_ingot":18,"minecraft:lime_carpet":6,"minecraft:shears":1},"minecraft:mined":{"minecraft:dark_oak_planks":1,"minecraft:dark_prismarine":3,"minecraft:deepslate_tiles":4,"minecraft:tuff":10,"minecraft:spruce_planks":28,"minecraft:farmland":2,"minecraft:candle":2,"minecraft:cobbled_deepslate_stairs":19,"minecraft:dark_oak_log":11,"minecraft:sea_lantern":5,"minecraft:cobbled_deepslate_slab":77,"minecraft:granite":55,"minecraft:budding_amethyst":3,"minecraft:grass_block":44,"minecraft:deepslate_bricks":11,"minecraft:bubble_coral_block":3,"minecraft:polished_diorite":1,"minecraft:spruce_leaves":1,"minecraft:moss_block":11,"minecraft:rooted_dirt":3,"minecraft:white_concrete_powder":1,"minecraft:raw_iron_block":1,"minecraft:furnace":1,"minecraft:raw_gold_block":2,"minecraft:iron_ore":11,"minecraft:green_terracotta":2,"minecraft:andesite":9,"minecraft:pumpkin":1,"minecraft:moss_carpet":7,"minecraft:deepslate_lapis_ore":6,"minecraft:dead_horn_coral_block":1,"minecraft:polished_deepslate":3,"minecraft:deepslate_iron_ore":7,"minecraft:dirt_path":3,"minecraft:rail":2,"minecraft:packed_ice":5,"minecraft:azalea":4,"minecraft:stone":29,"minecraft:brain_coral_block":1,"minecraft:fire_coral_block":2,"minecraft:spruce_slab":4,"minecraft:podzol":10,"minecraft:oak_slab":8,"minecraft:flowering_azalea":3,"minecraft:snow_block":25,"minecraft:deepslate_tile_slab":4,"minecraft:powder_snow":3,"minecraft:clay":9,"minecraft:oak_fence":7,"minecraft:crafting_table":2,"minecraft:torch":3,"minecraft:light_gray_terracotta":1,"minecraft:sponge":2,"minecraft:calcite":10,"minecraft:chest":13,"minecraft:copper_ore":11,"minecraft:tall_grass":9,"minecraft:cobblestone":15,"minecraft:deepslate_coal_ore":7,"minecraft:deepslate_gold_ore":8,"minecraft:prismarine":7,"minecraft:diorite":9,"minecraft:amethyst_block":19,"minecraft:prismarine_bricks":1,"minecraft:deepslate_copper_ore":11,"minecraft:birch_sapling":2,"minecraft:white_terracotta":4,"minecraft:blue_terracotta":4,"minecraft:birch_log":10,"minecraft:wheat":13,"minecraft:ice":1,"minecraft:blue_ice":2,"minecraft:spruce_log":20,"minecraft:jukebox":1,"minecraft:dead_brain_coral_block":1,"minecraft:grass":20,"minecraft:oak_log":24,"minecraft:sand":10,"minecraft:dark_oak_sapling":1,"minecraft:gravel":5,"minecraft:dripstone_block":9,"minecraft:dirt":49,"minecraft:smooth_basalt":6,"minecraft:terracotta":5,"minecraft:raw_copper_block":3,"minecraft:gold_ore":6,"minecraft:deepslate":28},"minecraft:dropped":{"minecraft:iron_sword":1,"minecraft:moss_block":7,"minecraft:wheat_seeds":7,"minecraft:dripstone_block":1,"minecraft:oak_fence":11,"minecraft:cobblestone":28,"minecraft:rooted_dirt":4,"minecraft:amethyst_block":2,"minecraft:cod":1,"minecraft:leather_helmet":1,"minecraft:pufferfish":1,"minecraft:raw_copper_block":1,"minecraft:diorite":2,"minecraft:wooden_axe":1,"minecraft:snowball":16,"minecraft:wooden_sword":8,"minecraft:iron_pickaxe":1,"minecraft:string":3,"minecraft:birch_log":1,"minecraft:bone":3,"minecraft:polished_deepslate":3,"minecraft:stone_axe":1,"minecraft:moss_carpet":10,"minecraft:cobbled_deepslate":5,"minecraft:stone_sword":2,"minecraft:bowl":1,"minecraft:tuff":27,"minecraft:dead_bubble_coral_block":8,"minecraft:clay_ball":36,"minecraft:prismarine":10,"minecraft:glow_lichen":5,"minecraft:dead_fire_coral_block":5,"minecraft:rabbit_hide":3,"minecraft:andesite":5,"minecraft:chest":2,"minecraft:wooden_shovel":1,"minecraft:spruce_slab":23,"minecraft:stone_pickaxe":12,"minecraft:prismarine_bricks":8,"minecraft:dead_tube_coral_block":1},"minecraft:killed":{"minecraft:spider":2,"minecraft:pufferfish":1,"minecraft:skeleton":1,"minecraft:guardian":2,"minecraft:chicken":2,"minecraft:fox":1,"minecraft:drowned":1,"minecraft:wolf":1,"minecraft:pig":2,"minecraft:elder_guardian":1,"minecraft:sheep":2,"minecraft:goat":1,"minecraft:zombie":8,"minecraft:stray":1,"minecraft:cow":3},"minecraft:broken":{"minecraft:iron_pickaxe":1},"minecraft:custom":{"minecraft:mob_kills":32,"minecraft:animals_bred":3,"minecraft:interact_with_crafting_table":42,"minecraft:damage_dealt_resisted":130,"minecraft:damage_resisted":120,"minecraft:leave_game":4,"minecraft:time_since_death":1400,"minecraft:sprint_one_cm":254389,"minecraft:walk_one_cm":414441,"minecraft:drop":69,"minecraft:play_time":153875,"minecraft:sneak_time":35827,"minecraft:deaths":5,"minecraft:walk_under_water_one_cm":1383,"minecraft:jump":741,"minecraft:walk_on_water_one_cm":5471,"minecraft:total_world_time":153875,"minecraft:interact_with_furnace":9,"minecraft:play_record":1,"minecraft:sleep_in_bed":1,"minecraft:time_since_rest":1430,"minecraft:damage_taken":2521,"minecraft:damage_dealt":4309,"minecraft:fly_one_cm":93702,"minecraft:open_chest":338,"minecraft:crouch_one_cm":109595,"minecraft:fall_one_cm":8149},"minecraft:used":{"minecraft:oak_fence":28,"minecraft:moss_block":1,"minecraft:music_disc_far":1,"minecraft:moss_carpet":1,"minecraft:stone_sword":9,"minecraft:iron_shovel":60,"minecraft:stone_shovel":42,"minecraft:spruce_slab":28,"minecraft:chest":15,"minecraft:spruce_planks":24,"minecraft:iron_sword":9,"minecraft:wooden_shovel":11,"minecraft:stone_hoe":25,"minecraft:torch":9,"minecraft:dirt":197,"minecraft:granite":50,"minecraft:oak_fence_gate":2,"minecraft:polished_diorite":3,"minecraft:dark_oak_planks":1,"minecraft:wooden_axe":12,"minecraft:iron_axe":131,"minecraft:birch_sapling":2,"minecraft:raw_copper_block":1,"minecraft:sweet_berries":1,"minecraft:furnace":1,"minecraft:calcite":1,"minecraft:wheat_seeds":44,"minecraft:water_bucket":82,"minecraft:amethyst_block":2,"minecraft:stone_pickaxe":16,"minecraft:deepslate_bricks":2,"minecraft:oak_slab":300,"minecraft:crafting_table":3,"minecraft:mushroom_stew":24,"minecraft:dripstone_block":2,"minecraft:cobbled_deepslate_stairs":38,"minecraft:oak_log":2,"minecraft:lime_carpet":6,"minecraft:iron_pickaxe":456,"minecraft:stone_axe":19,"minecraft:cobblestone":3,"minecraft:cobbled_deepslate_slab":21,"minecraft:wooden_sword":7,"minecraft:purple_bed":1,"minecraft:chainmail_boots":1,"minecraft:bucket":81,"minecraft:birch_log":6,"minecraft:ice":1,"minecraft:candle":6,"minecraft:bone_meal":3,"minecraft:jukebox":2}},"DataVersion":2975}