{"stats":{"minecraft:mined":{"minecraft:dark_oak_planks":1,"minecraft:spruce_planks":28,"minecraft:farmland":2,"minecraft:cobbled_deepslate_stairs":19,"minecraft:granite":55,"minecraft:budding_amethyst":3,"minecraft:red_sand":25,"minecraft:acacia_log":10,"minecraft:grass_block":44,"minecraft:white_concrete":3,"minecraft:deepslate_bricks":11,"minecraft:polished_diorite":1,"minecraft:bubble_coral_block":3,"minecraft:raw_iron_block":1,"minecraft:iron_ore":14,"minecraft:pumpkin":1,"minecraft:moss_carpet":7,"minecraft:deepslate_lapis_ore":6,"minecraft:dirt_path":3,"minecraft:azalea":4,"minecraft:brain_coral_block":1,"minecraft:spruce_slab":4,"minecraft:orange_terracotta":10,"minecraft:deepslate_tile_slab":4,"minecraft:powder_snow":3,"minecraft:clay":10,"minecraft:torch":3,"minecraft:light_gray_terracotta":4,"minecraft:calcite":28,"minecraft:chest":13,"minecraft:cobblestone":16,"minecraft:sugar_cane":1,"minecraft:prismarine":7,"minecraft:amethyst_block":22,"minecraft:deepslate_copper_ore":11,"minecraft:birch_sapling":2,"minecraft:white_terracotta":7,"minecraft:blue_terracotta":4,"minecraft:birch_log":10,"minecraft:wheat":37,"minecraft:blue_ice":2,"minecraft:jukebox":1,"minecraft:grass":20,"minecraft:oak_log":24,"minecraft:dark_oak_sapling":1,"minecraft:sand":26,"minecraft:dirt":55,"minecraft:smooth_basalt":6,"minecraft:raw_copper_block":3,"minecraft:deepslate":28,"minecraft:yellow_terracotta":8,"minecraft:deepslate_tiles":4,"minecraft:dark_prismarine":3,"minecraft:diamond_ore":1,"minecraft:tuff":10,"minecraft:candle":2,"minecraft:dark_oak_log":11,"minecraft:sea_lantern":6,"minecraft:cobbled_deepslate_slab":77,"minecraft:spruce_fence":4,"minecraft:spruce_leaves":1,"minecraft:moss_block":26,"minecraft:sandstone":21,"minecraft:rooted_dirt":5,"minecraft:white_concrete_powder":1,"minecraft:hay_block":4,"minecraft:redstone_ore":4,"minecraft:furnace":1,"minecraft:raw_gold_block":2,"minecraft:red_sandstone":7,"minecraft:green_terracotta":2,"minecraft:andesite":9,"minecraft:dead_horn_coral_block":1,"minecraft:polished_deepslate":3,"minecraft:deepslate_iron_ore":9,"minecraft:rail":2,"minecraft:packed_ice":5,"minecraft:stone":29,"minecraft:fire_coral_block":2,"minecraft:podzol":10,"minecraft:oak_slab":29,"minecraft:flowering_azalea":3,"minecraft:snow_block":25,"minecraft:oak_fence":9,"minecraft:crafting_table":2,"minecraft:emerald_ore":3,"minecraft:sponge":2,"minecraft:tall_grass":9,"minecraft:copper_ore":21,"minecraft:deepslate_coal_ore":7,"minecraft:deepslate_gold_ore":8,"minecraft:lapis_ore":2,"minecraft:diorite":9,"minecraft:prismarine_bricks":1,"minecraft:ice":1,"minecraft:spruce_log":21,"minecraft:dead_brain_coral_block":1,"minecraft:coal_ore":7,"minecraft:dripstone_block":9,"minecraft:gravel":5,"minecraft:brown_terracotta":4,"minecraft:terracotta":30,"minecraft:gold_ore":6},"minecraft:broken":{"minecraft:leather_chestplate":1,"minecraft:iron_pickaxe":1},"minecraft:killed_by":{"minecraft:drowned":2,"minecraft:vindicator":7,"minecraft:elder_guardian":1,"minecraft:player":1,"minecraft:stray":1},"minecraft:dropped":{"minecraft:iron_sword":1,"minecraft:moss_block":12,"minecraft:rooted_dirt":4,"minecraft:leather_helmet":1,"minecraft:cod":1,"minecraft:cyan_terracotta":6,"minecraft:raw_copper_block":1,"minecraft:snowball":16,"minecraft:wooden_sword":10,"minecraft:sand":18,"minecraft:iron_pickaxe":2,"minecraft:birch_log":1,"minecraft:bone":3,"minecraft:stone_axe":1,"minecraft:cobbled_deepslate":5,"minecraft:prismarine":10,"minecraft:dead_fire_coral_block":5,"minecraft:rabbit_hide":3,"minecraft:acacia_sapling":1,"minecraft:chest":3,"minecraft:spruce_slab":23,"minecraft:prismarine_bricks":17,"minecraft:dead_tube_coral_block":1,"minecraft:water_bucket":1,"minecraft:wheat_seeds":7,"minecraft:dripstone_block":11,"minecraft:oak_fence":11,"minecraft:cobblestone":37,"minecraft:prismarine_crystals":1,"minecraft:amethyst_block":5,"minecraft:pufferfish":1,"minecraft:diorite":8,"minecraft:wooden_axe":1,"minecraft:white_concrete":2,"minecraft:string":3,"minecraft:bucket":1,"minecraft:polished_deepslate":3,"minecraft:moss_carpet":10,"minecraft:sweet_berries":5,"minecraft:stone_sword":7,"minecraft:raw_copper":49,"minecraft:light_gray_terracotta":2,"minecraft:bowl":2,"minecraft:tuff":27,"minecraft:dead_bubble_coral_block":8,"minecraft:clay_ball":48,"minecraft:white_terracotta":2,"minecraft:glow_lichen":5,"minecraft:shears":1,"minecraft:red_terracotta":1,"minecraft:spruce_planks":65,"minecraft:andesite":5,"minecraft:wooden_shovel":1,"minecraft:golden_sword":1,"minecraft:red_sand":4,"minecraft:stone_pickaxe":21,"minecraft:red_tulip":4},"minecraft:picked_up":{"minecraft:iron_chestplate":1,"minecraft:wheat":46,"minecraft:chainmail_boots":2,"minecraft:golden_sword":1,"minecraft:amethyst_block":56,"minecraft:polished_deepslate":3,"minecraft:string":3,"minecraft:dead_tube_coral_block":1,"minecraft:raw_copper":231,"minecraft:pufferfish":1,"minecraft:deepslate_tiles":15,"minecraft:red_sand":31,"minecraft:cobbled_deepslate":34,"minecraft:bucket":3,"minecraft:spruce_planks":121,"minecraft:calcite":112,"minecraft:azalea":4,"minecraft:wooden_shovel":1,"minecraft:iron_pickaxe":7,"minecraft:melon_slice":5,"minecraft:furnace":1,"minecraft:tipped_arrow":1,"minecraft:stick":9,"minecraft:jukebox":1,"minecraft:brown_terracotta":9,"minecraft:oak_fence":21,"minecraft:torch":17,"minecraft:acacia_log":13,"minecraft:porkchop":4,"minecraft:diorite":36,"minecraft:stone_sword":14,"minecraft:cactus":5,"minecraft:rotten_flesh":20,"minecraft:red_tulip":8,"minecraft:cyan_terracotta":6,"minecraft:white_terracotta":15,"minecraft:snowball":100,"minecraft:cod":4,"minecraft:cobblestone":85,"minecraft:sponge":2,"minecraft:birch_log":18,"minecraft:leather_chestplate":1,"minecraft:feather":2,"minecraft:water_bucket":4,"minecraft:andesite":17,"minecraft:flint":2,"minecraft:tuff":27,"minecraft:prismarine_bricks":26,"minecraft:lapis_lazuli":67,"minecraft:dirt":262,"minecraft:bone":12,"minecraft:gray_terracotta":8,"minecraft:wheat_seeds":104,"minecraft:raw_gold":18,"minecraft:cobbled_deepslate_slab":112,"minecraft:moss_block":58,"minecraft:prismarine":20,"minecraft:oak_planks":60,"minecraft:stone_hoe":1,"minecraft:glow_lichen":3,"minecraft:sand":90,"minecraft:dead_bush":4,"minecraft:red_terracotta":2,"minecraft:dark_oak_log":24,"minecraft:iron_hoe":1,"minecraft:light_gray_terracotta":2,"minecraft:blue_terracotta":1,"minecraft:diamond":7,"minecraft:spruce_boat":1,"minecraft:crossbow":1,"minecraft:granite":69,"minecraft:bone_meal":3,"minecraft:white_concrete":7,"minecraft:emerald":5,"minecraft:rooted_dirt":5,"minecraft:oak_sapling":1,"minecraft:crafting_table":2,"minecraft:purple_wool":4,"minecraft:clay_ball":120,"minecraft:pink_wool":1,"minecraft:wooden_sword":10,"minecraft:moss_carpet":11,"minecraft:iron_axe":2,"minecraft:iron_shovel":2,"minecraft:candle":9,"minecraft:beef":11,"minecraft:spruce_slab":26,"minecraft:sugar_cane":1,"minecraft:birch_sapling":4,"minecraft:chest":30,"minecraft:raw_copper_block":5,"minecraft:lime_wool":8,"minecraft:raw_iron":48,"minecraft:sandstone":53,"minecraft:raw_gold_block":2,"minecraft:bowl":3,"minecraft:spruce_fence":4,"minecraft:carrot":1,"minecraft:redstone":19,"minecraft:prismarine_crystals":7,"minecraft:dark_oak_planks":1,"minecraft:arrow":5,"minecraft:shears":2,"minecraft:deepslate_bricks":27,"minecraft:hay_block":6,"minecraft:yellow_terracotta":9,"minecraft:mutton":8,"minecraft:rail":2,"minecraft:wet_sponge":1,"minecraft:salmon":4,"minecraft:leather":16,"minecraft:mushroom_stew":2,"minecraft:oak_log":51,"minecraft:lily_pad":2,"minecraft:cobbled_deepslate_stairs":12,"minecraft:deepslate_tile_slab":2,"minecraft:orange_terracotta":15,"minecraft:apple":3,"minecraft:red_sandstone":33,"minecraft:iron_ingot":64,"minecraft:stone_pickaxe":28,"minecraft:acacia_sapling":1,"minecraft:iron_sword":5,"minecraft:flowering_azalea":3,"minecraft:oak_slab":21,"minecraft:smooth_basalt":20,"minecraft:pumpkin":1,"minecraft:sweet_berries":5,"minecraft:raw_iron_block":2,"minecraft:dripstone_block":28,"minecraft:gravel":7,"minecraft:dead_fire_coral_block":10,"minecraft:spruce_sapling":2,"minecraft:spruce_log":134,"minecraft:sea_lantern":18,"minecraft:spider_eye":2,"minecraft:leather_helmet":1,"minecraft:white_concrete_powder":1,"minecraft:stone_axe":2,"minecraft:polished_diorite":4,"minecraft:dead_bubble_coral_block":17,"minecraft:iron_helmet":2,"minecraft:terracotta":32,"minecraft:coal":24},"minecraft:crafted":{"minecraft:oak_planks":400,"minecraft:purple_bed":1,"minecraft:iron_boots":1,"minecraft:stone_hoe":2,"minecraft:oak_fence":30,"minecraft:oak_slab":804,"minecraft:crafting_table":1,"minecraft:spruce_planks":148,"minecraft:iron_helmet":1,"minecraft:iron_chestplate":1,"minecraft:stick":124,"minecraft:iron_ingot":51,"minecraft:iron_pickaxe":4,"minecraft:gold_ingot":18,"minecraft:lime_carpet":6,"minecraft:shears":1,"minecraft:raw_iron":18,"minecraft:stone_shovel":2,"minecraft:jukebox":1,"minecraft:sugar_cane":1,"minecraft:spruce_fence":90,"minecraft:iron_axe":1,"minecraft:spruce_slab":48,"minecraft:cobbled_deepslate_stairs":20,"minecraft:spruce_boat":4,"minecraft:dark_oak_planks":36,"minecraft:wheat":54,"minecraft:iron_sword":2,"minecraft:stone_axe":2,"minecraft:air":0,"minecraft:oak_fence_gate":2,"minecraft:raw_gold":18,"minecraft:wooden_axe":1,"minecraft:iron_shovel":2,"minecraft:iron_leggings":1,"minecraft:torch":4,"minecraft:lapis_block":42},"minecraft:killed":{"minecraft:spider":2,"minecraft:pufferfish":1,"minecraft:skeleton":1,"minecraft:guardian":2,"minecraft:fox":1,"minecraft:chicken":2,"minecraft:wolf":1,"minecraft:pig":2,"minecraft:elder_guardian":1,"minecraft:sheep":5,"minecraft:pillager":4,"minecraft:goat":1,"minecraft:donkey":3,"minecraft:zombie":8,"minecraft:mooshroom":3,"minecraft:stray":1,"minecraft:cow":3,"minecraft:vindicator":4,"minecraft:llama":2,"minecraft:drowned":1,"minecraft:husk":4,"minecraft:wandering_trader":1},"minecraft:custom":{"minecraft:animals_bred":5,"minecraft:interact_with_crafting_table":60,"minecraft:leave_game":5,"minecraft:time_since_death":18743,"minecraft:damage_resisted":120,"minecraft:sprint_one_cm":376491,"minecraft:drop":117,"minecraft:talked_to_villager":6,"minecraft:play_time":217973,"minecraft:deaths":12,"minecraft:jump":1238,"minecraft:walk_on_water_one_cm":11704,"minecraft:interact_with_furnace":20,"minecraft:play_record":1,"minecraft:traded_with_villager":1,"minecraft:sleep_in_bed":1,"minecraft:damage_dealt":10300,"minecraft:crouch_one_cm":147176,"minecraft:mob_kills":59,"minecraft:damage_dealt_resisted":276,"minecraft:walk_one_cm":573821,"minecraft:sneak_time":44868,"minecraft:walk_under_water_one_cm":1383,"minecraft:boat_one_cm":62616,"minecraft:total_world_time":217973,"minecraft:time_since_rest":18773,"minecraft:damage_taken":5798,"minecraft:fly_one_cm":180093,"minecraft:open_chest":535,"minecraft:fall_one_cm":14243},"minecraft:used":{"minecraft:moss_block":3,"minecraft:music_disc_far":1,"minecraft:moss_carpet":1,"minecraft:red_sand":15,"minecraft:iron_shovel":98,"minecraft:spruce_slab":28,"minecraft:chest":19,"minecraft:white_terracotta":2,"minecraft:iron_sword":73,"minecraft:spruce_boat":3,"minecraft:birch_sapling":2,"minecraft:golden_sword":1,"minecraft:sweet_berries":1,"minecraft:furnace":1,"minecraft:stone_pickaxe":16,"minecraft:sandstone":11,"minecraft:sugar_cane":2,"minecraft:yellow_terracotta":5,"minecraft:mushroom_stew":39,"minecraft:dripstone_block":2,"minecraft:cobbled_deepslate_stairs":38,"minecraft:red_sandstone":10,"minecraft:lime_carpet":6,"minecraft:wooden_sword":21,"minecraft:chainmail_boots":1,"minecraft:birch_log":6,"minecraft:ice":1,"minecraft:bone_meal":3,"minecraft:experience_bottle":1,"minecraft:oak_fence":30,"minecraft:stone_sword":11,"minecraft:stone_shovel":42,"minecraft:spruce_planks":24,"minecraft:wooden_shovel":11,"minecraft:stone_hoe":25,"minecraft:torch":14,"minecraft:dirt":221,"minecraft:spruce_fence":30,"minecraft:granite":50,"minecraft:oak_fence_gate":2,"minecraft:polished_diorite":3,"minecraft:iron_hoe":9,"minecraft:wooden_axe":12,"minecraft:dark_oak_planks":1,"minecraft:iron_axe":171,"minecraft:rooted_dirt":16,"minecraft:raw_copper_block":1,"minecraft:orange_terracotta":11,"minecraft:calcite":14,"minecraft:wheat_seeds":86,"minecraft:water_bucket":128,"minecraft:amethyst_block":2,"minecraft:deepslate_bricks":2,"minecraft:terracotta":20,"minecraft:oak_slab":683,"minecraft:crafting_table":3,"minecraft:oak_log":2,"minecraft:apple":3,"minecraft:iron_pickaxe":598,"minecraft:stone_axe":30,"minecraft:cobblestone":3,"minecraft:purple_bed":1,"minecraft:cobbled_deepslate_slab":21,"minecraft:bucket":128,"minecraft:candle":6,"minecraft:jukebox":2}},"DataVersion":2975}