{"stats":{"minecraft:broken":{"minecraft:iron_pickaxe":1},"minecraft:custom":{"minecraft:mob_kills":20,"minecraft:animals_bred":1,"minecraft:interact_with_crafting_table":38,"minecraft:leave_game":3,"minecraft:time_since_death":63518,"minecraft:sprint_one_cm":203455,"minecraft:walk_one_cm":341838,"minecraft:drop":46,"minecraft:play_time":123838,"minecraft:deaths":2,"minecraft:sneak_time":32733,"minecraft:walk_under_water_one_cm":1383,"minecraft:jump":594,"minecraft:walk_on_water_one_cm":3731,"minecraft:total_world_time":123838,"minecraft:interact_with_furnace":9,"minecraft:play_record":1,"minecraft:time_since_rest":63549,"minecraft:damage_taken":1268,"minecraft:damage_dealt":2762,"minecraft:fly_one_cm":74084,"minecraft:open_chest":286,"minecraft:crouch_one_cm":99969,"minecraft:fall_one_cm":6446},"minecraft:crafted":{"minecraft:oak_planks":148,"minecraft:raw_iron":18,"minecraft:stone_shovel":2,"minecraft:jukebox":1,"minecraft:purple_bed":1,"minecraft:iron_axe":1,"minecraft:spruce_slab":24,"minecraft:cobbled_deepslate_stairs":16,"minecraft:dark_oak_planks":36,"minecraft:stone_hoe":2,"minecraft:oak_fence":30,"minecraft:oak_slab":306,"minecraft:crafting_table":1,"minecraft:spruce_planks":68,"minecraft:stone_axe":1,"minecraft:air":0,"minecraft:oak_fence_gate":2,"minecraft:raw_gold":18,"minecraft:stick":120,"minecraft:iron_pickaxe":2,"minecraft:iron_ingot":29,"minecraft:wooden_axe":1,"minecraft:iron_shovel":1,"minecraft:gold_ingot":18,"minecraft:lime_carpet":3,"minecraft:shears":1},"minecraft:mined":{"minecraft:dark_oak_planks":1,"minecraft:deepslate_tiles":4,"minecraft:tuff":9,"minecraft:spruce_planks":17,"minecraft:farmland":2,"minecraft:candle":2,"minecraft:cobbled_deepslate_stairs":7,"minecraft:dark_oak_log":9,"minecraft:cobbled_deepslate_slab":54,"minecraft:granite":31,"minecraft:budding_amethyst":3,"minecraft:grass_block":43,"minecraft:deepslate_bricks":9,"minecraft:polished_diorite":1,"minecraft:spruce_leaves":1,"minecraft:moss_block":4,"minecraft:white_concrete_powder":1,"minecraft:raw_iron_block":1,"minecraft:furnace":1,"minecraft:raw_gold_block":2,"minecraft:iron_ore":11,"minecraft:andesite":7,"minecraft:moss_carpet":6,"minecraft:pumpkin":1,"minecraft:deepslate_lapis_ore":5,"minecraft:polished_deepslate":3,"minecraft:deepslate_iron_ore":3,"minecraft:dirt_path":3,"minecraft:rail":2,"minecraft:packed_ice":5,"minecraft:azalea":4,"minecraft:stone":27,"minecraft:podzol":10,"minecraft:oak_slab":7,"minecraft:flowering_azalea":3,"minecraft:snow_block":25,"minecraft:deepslate_tile_slab":4,"minecraft:powder_snow":3,"minecraft:oak_fence":7,"minecraft:clay":5,"minecraft:crafting_table":2,"minecraft:torch":1,"minecraft:light_gray_terracotta":1,"minecraft:calcite":9,"minecraft:chest":13,"minecraft:tall_grass":9,"minecraft:copper_ore":9,"minecraft:cobblestone":12,"minecraft:deepslate_coal_ore":4,"minecraft:deepslate_gold_ore":8,"minecraft:diorite":7,"minecraft:amethyst_block":17,"minecraft:deepslate_copper_ore":6,"minecraft:birch_sapling":2,"minecraft:white_terracotta":4,"minecraft:blue_terracotta":2,"minecraft:birch_log":9,"minecraft:ice":1,"minecraft:wheat":11,"minecraft:blue_ice":2,"minecraft:spruce_log":20,"minecraft:jukebox":1,"minecraft:grass":20,"minecraft:oak_log":21,"minecraft:dark_oak_sapling":1,"minecraft:gravel":4,"minecraft:dripstone_block":3,"minecraft:dirt":49,"minecraft:smooth_basalt":6,"minecraft:terracotta":5,"minecraft:raw_copper_block":3,"minecraft:gold_ore":4,"minecraft:deepslate":25},"minecraft:killed":{"minecraft:spider":1,"minecraft:skeleton":1,"minecraft:fox":1,"minecraft:wolf":1,"minecraft:pig":2,"minecraft:sheep":2,"minecraft:goat":1,"minecraft:zombie":7,"minecraft:stray":1,"minecraft:cow":3},"minecraft:used":{"minecraft:moss_block":1,"minecraft:oak_fence":28,"minecraft:music_disc_far":1,"minecraft:moss_carpet":1,"minecraft:iron_shovel":44,"minecraft:spruce_slab":8,"minecraft:stone_shovel":42,"minecraft:spruce_planks":24,"minecraft:chest":15,"minecraft:wooden_shovel":11,"minecraft:stone_hoe":25,"minecraft:torch":8,"minecraft:dirt":197,"minecraft:granite":29,"minecraft:oak_fence_gate":2,"minecraft:polished_diorite":3,"minecraft:dark_oak_planks":1,"minecraft:wooden_axe":12,"minecraft:iron_axe":94,"minecraft:birch_sapling":2,"minecraft:raw_copper_block":1,"minecraft:sweet_berries":1,"minecraft:furnace":1,"minecraft:calcite":1,"minecraft:wheat_seeds":37,"minecraft:water_bucket":78,"minecraft:amethyst_block":2,"minecraft:stone_pickaxe":16,"minecraft:oak_slab":299,"minecraft:crafting_table":3,"minecraft:mushroom_stew":16,"minecraft:dripstone_block":2,"minecraft:cobbled_deepslate_stairs":15,"minecraft:oak_log":2,"minecraft:lime_carpet":3,"minecraft:iron_pickaxe":317,"minecraft:stone_axe":19,"minecraft:wooden_sword":7,"minecraft:cobbled_deepslate_slab":21,"minecraft:purple_bed":1,"minecraft:birch_log":6,"minecraft:bucket":77,"minecraft:ice":1,"minecraft:candle":6,"minecraft:jukebox":2,"minecraft:bone_meal":3},"minecraft:dropped":{"minecraft:moss_block":7,"minecraft:wheat_seeds":7,"minecraft:dripstone_block":1,"minecraft:cobblestone":20,"minecraft:amethyst_block":2,"minecraft:raw_copper_block":1,"minecraft:diorite":2,"minecraft:wooden_axe":1,"minecraft:snowball":16,"minecraft:wooden_sword":8,"minecraft:iron_pickaxe":1,"minecraft:string":3,"minecraft:birch_log":1,"minecraft:polished_deepslate":3,"minecraft:bone":3,"minecraft:moss_carpet":10,"minecraft:bowl":1,"minecraft:tuff":27,"minecraft:glow_lichen":3,"minecraft:rabbit_hide":3,"minecraft:andesite":5,"minecraft:chest":2,"minecraft:wooden_shovel":1,"minecraft:stone_pickaxe":8},"minecraft:killed_by":{"minecraft:player":1,"minecraft:stray":1},"minecraft:picked_up":{"minecraft:crafting_table":2,"minecraft:wheat":10,"minecraft:purple_wool":4,"minecraft:clay_ball":36,"minecraft:pink_wool":1,"minecraft:amethyst_block":53,"minecraft:polished_deepslate":3,"minecraft:moss_carpet":11,"minecraft:string":3,"minecraft:raw_copper":136,"minecraft:wooden_sword":8,"minecraft:deepslate_tiles":15,"minecraft:candle":4,"minecraft:cobbled_deepslate":29,"minecraft:spruce_planks":8,"minecraft:beef":4,"minecraft:calcite":30,"minecraft:azalea":4,"minecraft:wooden_shovel":1,"minecraft:iron_pickaxe":3,"minecraft:melon_slice":5,"minecraft:chest":22,"minecraft:birch_sapling":4,"minecraft:raw_copper_block":5,"minecraft:furnace":1,"minecraft:tipped_arrow":1,"minecraft:lime_wool":3,"minecraft:stick":9,"minecraft:raw_iron":35,"minecraft:raw_gold_block":2,"minecraft:jukebox":1,"minecraft:oak_fence":8,"minecraft:torch":15,"minecraft:porkchop":4,"minecraft:diorite":22,"minecraft:carrot":1,"minecraft:dark_oak_planks":1,"minecraft:arrow":3,"minecraft:rotten_flesh":14,"minecraft:deepslate_bricks":25,"minecraft:white_terracotta":9,"minecraft:mutton":4,"minecraft:snowball":100,"minecraft:cod":1,"minecraft:rail":2,"minecraft:cobblestone":68,"minecraft:birch_log":16,"minecraft:water_bucket":1,"minecraft:andesite":17,"minecraft:leather":3,"minecraft:mushroom_stew":1,"minecraft:flint":2,"minecraft:tuff":27,"minecraft:oak_log":50,"minecraft:cobbled_deepslate_stairs":6,"minecraft:deepslate_tile_slab":2,"minecraft:lapis_lazuli":54,"minecraft:dirt":229,"minecraft:bone":5,"minecraft:gray_terracotta":8,"minecraft:wheat_seeds":39,"minecraft:raw_gold":18,"minecraft:cobbled_deepslate_slab":36,"minecraft:iron_ingot":18,"minecraft:stone_pickaxe":9,"minecraft:moss_block":33,"minecraft:stone_hoe":1,"minecraft:flowering_azalea":3,"minecraft:glow_lichen":3,"minecraft:oak_slab":7,"minecraft:smooth_basalt":20,"minecraft:pumpkin":1,"minecraft:raw_iron_block":2,"minecraft:dripstone_block":11,"minecraft:gravel":7,"minecraft:spruce_log":43,"minecraft:dark_oak_log":24,"minecraft:leather_helmet":1,"minecraft:iron_hoe":1,"minecraft:blue_terracotta":1,"minecraft:white_concrete_powder":1,"minecraft:diamond":2,"minecraft:polished_diorite":4,"minecraft:stone_axe":1,"minecraft:iron_helmet":1,"minecraft:granite":50,"minecraft:bone_meal":3,"minecraft:terracotta":7,"minecraft:coal":13}},"DataVersion":2975}