{"stats":{"minecraft:killed":{"minecraft:fox":1,"minecraft:wolf":1,"minecraft:pig":2,"minecraft:sheep":2,"minecraft:goat":1,"minecraft:stray":1,"minecraft:cow":3},"minecraft:used":{"minecraft:oak_fence":25,"minecraft:iron_shovel":37,"minecraft:stone_shovel":42,"minecraft:chest":15,"minecraft:wooden_shovel":11,"minecraft:stone_hoe":23,"minecraft:torch":8,"minecraft:dirt":181,"minecraft:granite":12,"minecraft:oak_fence_gate":2,"minecraft:wooden_axe":12,"minecraft:iron_axe":31,"minecraft:birch_sapling":2,"minecraft:sweet_berries":1,"minecraft:furnace":1,"minecraft:calcite":1,"minecraft:wheat_seeds":24,"minecraft:water_bucket":7,"minecraft:stone_pickaxe":10,"minecraft:oak_slab":268,"minecraft:crafting_table":3,"minecraft:mushroom_stew":8,"minecraft:dripstone_block":2,"minecraft:oak_log":2,"minecraft:iron_pickaxe":120,"minecraft:stone_axe":19,"minecraft:wooden_sword":7,"minecraft:bucket":6,"minecraft:birch_log":6,"minecraft:bone_meal":3},"minecraft:custom":{"minecraft:mob_kills":12,"minecraft:animals_bred":1,"minecraft:interact_with_crafting_table":28,"minecraft:leave_game":2,"minecraft:time_since_death":17972,"minecraft:sprint_one_cm":102607,"minecraft:walk_one_cm":215258,"minecraft:drop":26,"minecraft:play_time":78292,"minecraft:deaths":2,"minecraft:sneak_time":23757,"minecraft:walk_under_water_one_cm":1383,"minecraft:jump":285,"minecraft:walk_on_water_one_cm":211,"minecraft:total_world_time":78292,"minecraft:interact_with_furnace":5,"minecraft:time_since_rest":18003,"minecraft:damage_taken":923,"minecraft:damage_dealt":1456,"minecraft:fly_one_cm":20164,"minecraft:open_chest":207,"minecraft:crouch_one_cm":77697,"minecraft:fall_one_cm":3253},"minecraft:picked_up":{"minecraft:crafting_table":2,"minecraft:wheat":5,"minecraft:purple_wool":1,"minecraft:clay_ball":32,"minecraft:pink_wool":1,"minecraft:amethyst_block":22,"minecraft:raw_copper":82,"minecraft:wooden_sword":8,"minecraft:beef":4,"minecraft:calcite":21,"minecraft:azalea":1,"minecraft:wooden_shovel":1,"minecraft:iron_pickaxe":2,"minecraft:melon_slice":5,"minecraft:chest":17,"minecraft:birch_sapling":4,"minecraft:raw_copper_block":3,"minecraft:furnace":1,"minecraft:tipped_arrow":1,"minecraft:stick":8,"minecraft:raw_iron":17,"minecraft:raw_gold_block":2,"minecraft:oak_fence":7,"minecraft:torch":8,"minecraft:porkchop":4,"minecraft:diorite":19,"minecraft:arrow":1,"minecraft:rotten_flesh":1,"minecraft:white_terracotta":9,"minecraft:mutton":4,"minecraft:snowball":100,"minecraft:cod":1,"minecraft:rail":2,"minecraft:cobblestone":49,"minecraft:birch_log":16,"minecraft:andesite":11,"minecraft:leather":3,"minecraft:mushroom_stew":1,"minecraft:flint":2,"minecraft:oak_log":34,"minecraft:dirt":195,"minecraft:gray_terracotta":8,"minecraft:wheat_seeds":19,"minecraft:raw_gold":5,"minecraft:stone_pickaxe":9,"minecraft:stone_hoe":1,"minecraft:oak_slab":7,"minecraft:smooth_basalt":16,"minecraft:pumpkin":1,"minecraft:raw_iron_block":1,"minecraft:dripstone_block":6,"minecraft:gravel":7,"minecraft:spruce_log":32,"minecraft:blue_terracotta":1,"minecraft:white_concrete_powder":1,"minecraft:stone_axe":1,"minecraft:iron_helmet":1,"minecraft:granite":33,"minecraft:bone_meal":3,"minecraft:terracotta":7,"minecraft:coal":3},"minecraft:mined":{"minecraft:farmland":1,"minecraft:granite":16,"minecraft:grass_block":42,"minecraft:spruce_leaves":1,"minecraft:white_concrete_powder":1,"minecraft:raw_iron_block":1,"minecraft:furnace":1,"minecraft:raw_gold_block":2,"minecraft:iron_ore":11,"minecraft:andesite":4,"minecraft:pumpkin":1,"minecraft:dirt_path":3,"minecraft:rail":2,"minecraft:packed_ice":5,"minecraft:stone":20,"minecraft:podzol":3,"minecraft:oak_slab":7,"minecraft:snow_block":25,"minecraft:powder_snow":2,"minecraft:oak_fence":7,"minecraft:clay":4,"minecraft:crafting_table":2,"minecraft:calcite":5,"minecraft:chest":12,"minecraft:copper_ore":9,"minecraft:cobblestone":12,"minecraft:diorite":7,"minecraft:amethyst_block":5,"minecraft:birch_sapling":2,"minecraft:white_terracotta":4,"minecraft:blue_terracotta":2,"minecraft:birch_log":9,"minecraft:wheat":6,"minecraft:blue_ice":2,"minecraft:spruce_log":16,"minecraft:oak_log":19,"minecraft:gravel":4,"minecraft:dripstone_block":1,"minecraft:dirt":32,"minecraft:smooth_basalt":4,"minecraft:terracotta":5,"minecraft:raw_copper_block":2,"minecraft:gold_ore":3},"minecraft:dropped":{"minecraft:cobblestone":9,"minecraft:amethyst_block":2,"minecraft:wooden_axe":1,"minecraft:snowball":16,"minecraft:wooden_sword":8,"minecraft:birch_log":1,"minecraft:bone":3,"minecraft:bowl":1,"minecraft:rabbit_hide":3,"minecraft:wooden_shovel":1,"minecraft:chest":1,"minecraft:stone_pickaxe":7},"minecraft:killed_by":{"minecraft:player":1,"minecraft:stray":1},"minecraft:crafted":{"minecraft:oak_planks":144,"minecraft:raw_iron":9,"minecraft:stone_shovel":2,"minecraft:iron_axe":1,"minecraft:stone_hoe":2,"minecraft:oak_fence":30,"minecraft:oak_slab":306,"minecraft:crafting_table":1,"minecraft:spruce_planks":36,"minecraft:stone_axe":1,"minecraft:air":0,"minecraft:oak_fence_gate":2,"minecraft:raw_gold":18,"minecraft:stick":116,"minecraft:iron_ingot":16,"minecraft:iron_pickaxe":1,"minecraft:wooden_axe":1,"minecraft:iron_shovel":1,"minecraft:gold_ingot":18}},"DataVersion":2975}